wbps_gene_id,wormbase_gseq,wikigene_name,entrezgene_id,baseMean,log2FoldChange,lfcSE,pvalue,padj
WBGene00000074,C04A11.4,adm-2,181489,804.4040365333813,1.0160764175992112,0.25337609861540517,3.3885336030634985e-7,3.6214280554645294e-5
WBGene00000111,T08B1.3,alh-5,178680,527.1471190564762,0.6804919110084522,0.4198114580466492,0.003425935148522801,0.0460816210698947
WBGene00000208,Y53F4B.15,trip-4,175159,774.3049185396314,0.5491748993585127,0.24741020848181633,0.0021251938361193244,0.03406888118712241
WBGene00000227,Y48G1BL.2,atm-1,3565793,600.199236203141,0.5756676174998244,0.2750231017615901,0.0023337141345778118,0.03628844634667992
WBGene00000250,C50B8.2,bir-2,179841,107.59085640694272,0.8849256432048564,0.564604714224442,0.0018184476155384895,0.03111240018111571
WBGene00000265,K04C2.4,brd-1,175959,296.7831169102142,0.6923530596208662,0.32016952171235935,9.286886407024828e-4,0.019788031939045967
WBGene00000386,K06A5.7,cdc-25.1,172353,582.4653185747808,0.5907395855187882,0.2879162484098352,0.002303346047165355,0.03602422516971971
WBGene00000412,F35E8.11,cdr-1,180064,1618.8189845070824,5.629228714523124,0.5129516811387509,1.0978815798064712e-29,2.4640122256123236e-26
WBGene00000418,C35D10.9,ced-4,175643,221.53604376215608,0.5667668244876607,0.30617046585480845,0.004142404087669344,0.05203508716842853
WBGene00000465,C07G2.1,cpg-1,175586,324.3884237764592,0.7746169202764578,0.4556906580257037,0.0019188635843843946,0.032019104123073426
WBGene00000474,M01E11.5,cey-3,172211,853.9186939790316,0.6116569128796987,0.3544730808838682,0.004002836043045685,0.05086172183219296
WBGene00000519,Y47D3A.4,cku-70,176546,642.2847067757486,0.5200002275187234,0.20772305562952603,0.0013303599004116816,0.02504749228262255
WBGene00000558,R09B5.9,cnc-4,178635,91.67639154606198,2.9712151860983496,0.6362852879428652,5.176916100028974e-8,6.902213089404966e-6
WBGene00000592,F08H9.1,coh-3,179949,219.24544016613368,0.555218027262182,0.2994868519873966,0.004457095649111924,0.054762089426041216
WBGene00000804,Y48E1B.12,csc-1,175006,256.9455638553259,0.6803405157313474,0.44719418467336,0.0041915498152198674,0.052505497499303014
WBGene00000868,T06E6.2,cyb-3,180040,753.1589521219637,0.6640084382224218,0.23139149156107133,1.542533769300558e-4,0.005482151551969373
WBGene00000935,F56D1.7,daz-1,173931,786.2773460608422,0.6459654485610363,0.34831541890700013,0.0025055789874486745,0.038131771305677256
WBGene00000973,Y32H12A.3,dhs-9,175737,2253.1504573267125,0.9716970156792312,0.3518639861528476,4.751078580627564e-5,0.0021674590862797607
WBGene00000985,C15H11.4,dhs-22,179940,1651.642593662375,0.6485154503642866,0.238059813874639,2.685273173427782e-4,0.008180970260945365
WBGene00000986,R08H2.1,dhs-23,180038,49.73610365044807,2.3530644630966946,1.7937760412498398,4.2263246638136266e-4,0.011269641172854316
WBGene00001092,F53A2.5,dro-1,191629,243.55293300889315,0.7075293076648315,0.22243629125956876,4.0199683597969415e-5,0.0019472264004685472
WBGene00001372,R09B3.1,exo-3,173069,349.5790802080608,0.5899517748579464,0.2469405829502107,0.00103892141594286,0.02149019322133111
WBGene00001387,F15B9.1,far-3,179785,93.97861019521599,4.211755251867361,0.9657375695926969,8.086692262251344e-8,1.0082907222544131e-5
WBGene00001399,F10D2.9,fat-7,179100,39.82721571763836,3.77116436049944,1.5155766257181529,2.1876234714709364e-5,0.0011975015311718549
WBGene00001439,F26D12.1,fkh-7,177340,479.5696514478389,1.17792719564482,0.4038292870063736,2.041662565451128e-5,0.001131400333595263
WBGene00001481,Y54E10A.4,fog-1,171895,498.8379602439477,1.341247694629214,0.3014379914965121,5.623672106042882e-8,7.424349860781712e-6
WBGene00001500,C54F6.14,ftn-1,179138,667.1213395025205,1.7026559200986053,0.6672670122481448,5.4480380105657534e-5,0.002397492805564655
WBGene00001527,F37B12.2,gcs-1,174438,4163.849420559661,0.6049146356334387,0.273639795004442,0.0014462597387799403,0.026533152101376942
WBGene00001561,W07B3.2,gei-4,175195,2308.2523846648915,0.5354346679320731,0.1597130135204038,9.125008649067044e-5,0.00364621265484679
WBGene00001577,T12A7.1,gem-4,178108,276.6768293049791,3.0193410825453597,0.7481825311176228,5.858946586014305e-7,5.5955017537069956e-5
WBGene00001591,F11A5.10,glc-1,180086,481.65478520969714,0.5487100165384973,0.3365468835942819,0.0070639930593361985,0.07121820680479346
WBGene00001597,T07F8.3,gld-3,174174,387.8240937883754,0.5368245184798972,0.2578964116154694,0.0031752634174957344,0.04388581784544869
WBGene00001599,C55B7.1,glh-2,172361,430.9945716318984,0.8226555532535829,0.3305605607948496,1.91699553406037e-4,0.006490939288739224
WBGene00001607,C28D4.3,gln-6,177808,122.76831144270656,0.7450552926433762,0.466844759380757,0.0027210229267317495,0.040132852936878134
WBGene00001753,R03D7.6,gst-5,187537,5896.777117070809,2.4424513643649073,0.2843283662940624,5.087492479069755e-19,4.2817608576970825e-16
WBGene00001755,F11G11.2,gst-7,173842,8731.611245671478,1.044578067565094,0.44060135275196155,1.4097613098035011e-4,0.005116939568143921
WBGene00001763,F37B1.4,gst-15,185410,30.94291101089621,0.7453251396051512,0.7499218291712383,0.008314844306819039,0.078299086318619
WBGene00001764,F37B1.5,gst-16,175009,125.8064348370787,0.9864029554308201,0.4813591634343867,4.068507577236336e-4,0.01097926313327946
WBGene00001772,F37B1.1,gst-24,185407,188.97555285647155,0.8145941406143509,0.5573462591001281,0.0028410397367601495,0.04120676128777935
WBGene00001786,F35E8.8,gst-38,185299,8672.16561173229,2.357124505561165,0.4293182673767235,1.3918237846982452e-9,2.567438230787201e-7
WBGene00001788,F56B3.10,gst-40,176900,186.18450871184905,3.031863488479168,0.8793047964188471,3.5126218126658373e-6,2.719055684884777e-4
WBGene00001831,F58A4.3,hcp-3,176359,253.97736985724737,0.51781764731307,0.3135572282500411,0.008376534842499906,0.07860516946975869
WBGene00001855,C18G1.5,hil-4,178866,1078.744782343984,0.8894353788765024,0.3846904780629691,2.508962921482382e-4,0.007777230618370909
WBGene00001856,B0414.3,hil-5,172242,1249.0409264150117,0.694001526327925,0.349117281030791,0.0014136447558600988,0.026148544343972655
WBGene00001942,T23D8.6,his-68,172860,53.95114365084709,1.6532449222609393,0.6343956603803687,4.747623984297556e-5,0.0021674590862797607
WBGene00001946,Y49E10.6,his-72,176660,2402.8630965020334,0.596600273442005,0.14688867346507015,3.6595382012105756e-6,2.788037406151473e-4
WBGene00001977,Y17G7A.1,hmg-12,174829,1229.5156960781958,0.5728738499676346,0.2356320893127563,0.0010619905359973837,0.021747280534045208
WBGene00002004,Y53C10A.12,hsf-1,173078,471.69945017464727,0.5078650479957081,0.22789546776004593,0.002849905238820329,0.041265402092424255
WBGene00002064,T05G5.10,iff-1,176373,2618.5249056355165,0.5073824757012652,0.2675759590347058,0.005775288902330134,0.06321898907469667
WBGene00002188,ZC416.4,kgb-2,191169,174.40019436944405,0.6657231846585732,0.4786109089619419,0.005738489993607125,0.0630745952802273
WBGene00002260,T22G5.6,lbp-8,188761,36.042318495342045,1.2000495762405212,1.448199854507396,0.0032019021154874074,0.04394703992335488
WBGene00002276,F42H11.2,lem-3,172792,777.4246384829223,0.6554895186227042,0.38126680102532357,0.00317064469836342,0.04388581784544869
WBGene00002980,C32D5.9,lgg-1,174050,4402.8543284770685,0.7224976729776996,0.17017818989636,5.251318382328694e-7,5.124221256263637e-5
WBGene00002981,ZK593.6,lgg-2,177989,916.0486291531332,0.9533000448661733,0.3297160780245914,3.209297827969717e-5,0.0016065577900163646
WBGene00003001,R107.8,lin-12,176282,354.3828606584852,0.5501957549951377,0.2619037267401292,0.002758845538783036,0.04055743889219691
WBGene00003037,JC8.6,lin-54,178280,274.27464666084745,0.5316380258909137,0.2863826624799663,0.005232051363626253,0.059859646272379885
WBGene00003092,Y22F5A.6,lys-3,179430,307.34779230159546,1.7988494571823173,0.7961786404481208,1.0984923153227728e-4,0.004180972458992201
WBGene00003156,Y39G10AR.14,mcm-4,171793,1312.654289171731,0.6150620202591779,0.28597753875249265,0.0015547718187304584,0.027841166637000467
WBGene00003161,Y69A2AR.30,mdf-2,177046,292.4836502413017,0.6275061159804242,0.31700399855326145,0.0021250586191675696,0.03406888118712241
WBGene00003164,Y57E12AL.5,mdt-6,179091,265.95266121380433,0.5179456046161091,0.2747466061338184,0.005461005932134734,0.06133875284270852
WBGene00003184,F57B10.12,mei-2,172374,87.92102185191561,0.7545542492122438,0.5779320594308468,0.00476139850934232,0.05694226672007432
WBGene00003373,T28A8.7,mlh-1,176783,368.35960200501796,0.5295083785245436,0.27839655568061733,0.004858984216055298,0.057496556637434665
WBGene00003473,K11G9.6,mtl-1,179060,153.19229814884608,5.568814563861047,0.7989944389915941,4.575631922745738e-14,1.8671351355058822e-11
WBGene00003599,W04H10.3,nhl-3,173452,225.58493850922486,0.7429432877613299,0.41956556184583743,0.0018559184814393524,0.0314233600207118
WBGene00003763,Y43F8C.1,nlp-25,189877,119.34162053809659,0.8873202641146382,0.5705709029547741,0.001858441187527575,0.0314233600207118
WBGene00003767,B0213.4,nlp-29,178805,326.80611204921746,0.5885145866109183,0.5072530440903119,0.01192122097589343,0.09705632506734034
WBGene00003769,B0213.6,nlp-31,178804,401.2851190746546,0.5058993330197727,0.32657860292591284,0.010757496822340914,0.09145230568790577
WBGene00003778,C15H9.1,nnt-1,180884,767.7477388892192,0.8161438756865672,0.3580556849118117,3.642940735780455e-4,0.01017756015519079
WBGene00003834,C15H11.3,nxf-1,191736,2309.2433476405968,0.5908426037308239,0.2399715820503703,8.554996839687854e-4,0.018803799428764922
WBGene00003993,B0523.3,pgl-2,182022,212.3106781956088,0.5507023888333622,0.32916208268616765,0.006464117461687207,0.06795144866438714
WBGene00004002,T21E8.3,pgp-8,181277,61.49602794944589,0.8990437484021904,1.0839452870511204,0.006384136291240415,0.06742649356693603
WBGene00004013,F38A6.1,pha-4,180357,699.9918804954652,0.5758956186603524,0.22653175056373046,7.772703823338583e-4,0.017680275284641445
WBGene00004028,Y18H1A.6,pif-1,171665,202.49654754009555,1.2405140980326428,0.4931186984058537,7.053433636074783e-5,0.002958926396990126
WBGene00004050,E02H1.4,parp-2,3565967,399.5289813081705,0.6806511643267299,0.21414477512614974,4.976946420120612e-5,0.002226563471539673
WBGene00004075,Y76A2B.1,pod-1,176784,4323.232452182946,0.6180055722885828,0.2121524254901517,1.931256127184904e-4,0.006517868423226045
WBGene00004094,Y110A7A.18,ppw-2,172152,2139.7548475157905,0.9771383830866346,0.40528420910805757,1.4436497067693202e-4,0.005225856707353673
WBGene00004208,ZK675.1,ptc-1,174274,1840.1393041258218,0.573930338585294,0.2603334684480481,0.0018319136681123433,0.031186535341088263
WBGene00004236,Y80D3A.7,ptr-22,191753,52.740350051475374,0.6944789559351119,0.6792462572244322,0.00945299685349574,0.0844000417752748
WBGene00004279,T01B7.3,rab-21,187932,185.43504205900774,0.5612639222227811,0.19606199750764305,3.552316526161046e-4,0.010012698233117621
WBGene00004297,Y43C5A.6,rad-51,177914,487.07389832887793,0.5133589609244825,0.27281018386715755,0.00568460297646479,0.06269358204838235
WBGene00004333,W02A2.6,rec-8,178295,520.1628656062759,0.560559628939965,0.3051049358170175,0.0044407279797057326,0.05470973995451907
WBGene00004380,C06A5.9,rnf-1,172277,160.32677158985692,0.6082314666530797,0.40004573124743276,0.006021231766371652,0.06472048766002722
WBGene00004384,ZK863.7,rnp-1,179672,285.43651849118714,0.5271014638259649,0.220379599296538,0.0016678147050951842,0.02912943296862743
WBGene00004422,T22F3.4,rpl-11.1,178778,7928.286729272397,0.6998965148659031,0.334165505180561,0.0010554416546986313,0.021718480153384543
WBGene00004781,T26A5.7,set-1,175918,454.6967679426333,0.5352954124039767,0.20957524270432512,0.0010343100685089107,0.02142772212698614
WBGene00004798,F43D9.4,sip-1,176471,979.6209207438178,2.5549140640012538,0.32995202149209313,4.974934979770564e-16,3.045112474435928e-13
WBGene00004829,M02A10.3,sli-1,180419,365.94510708488747,0.6614461557615725,0.2660533205565253,4.810951484155878e-4,0.01245851397800828
WBGene00004930,C15F1.7,sod-1,174141,3456.669420404426,0.6833139666202853,0.19800079457016584,1.858610307251047e-5,0.0010555983274644183
WBGene00004952,Y34D9A.4,spd-1,171683,465.6496185494226,1.1950926477789596,0.3834697091832628,1.0161401934367218e-5,6.454402997649809e-4
WBGene00004984,ZC404.8,spn-4,179070,324.62546881954756,0.559831925094147,0.3289689351238253,0.005779190223596583,0.06321898907469667
WBGene00005003,F27C8.4,spp-18,185015,1326.4626237957525,0.6028793436344073,0.3491548528563477,0.004208316446072995,0.052520101263038875
WBGene00005005,K04A8.8,spp-20,34700636,9.239372374225388,1.6698477803504237,2.4923573405613917,0.0011963528964611865,0.02362183006414419
WBGene00005551,F33H12.2,sri-39,191913,12.983432605044998,1.0440968211087376,1.7532330401600984,0.004029510516675415,0.051045520806727314
WBGene00005648,F20D6.4,srp-7,179195,2459.430276027516,0.8713680849186555,0.3104193973552144,5.652158914705895e-5,0.0024473302876343917
WBGene00006372,F48F7.2,syx-2,181505,249.93569005040789,1.0983593186474347,0.45285804011979475,1.0890251435080775e-4,0.00416613993820448
WBGene00006376,C24G6.1,syp-2,178938,162.21994587968754,0.5422665271496214,0.40449806953731376,0.011727772166625607,0.09635520439034802
WBGene00006381,Y54E2A.3,tac-1,175133,667.043633373215,0.802314686502735,0.20211744277530908,9.469660119761117e-7,8.50122954484688e-5
WBGene00006431,C02F12.4,tag-52,180657,341.2935789500169,1.733317083352858,0.43563117413454366,6.530672434938381e-7,6.193101056963397e-5
WBGene00006434,F09E5.15,prdx-2,266858,20964.62296822238,0.8437149090866124,0.27419704057040856,2.510652436244742e-5,0.0013104048723438643
WBGene00006523,F26G5.9,tam-1,178887,1338.5020670239976,0.6116201391829843,0.13260401469559258,2.7493686409562277e-7,2.9857256547674647e-5
WBGene00006533,T28D6.2,tba-7,176568,492.12185802930844,0.8564444404814967,0.41226729269752577,5.468030755300673e-4,0.013737407117701281
WBGene00006534,ZK899.4,tba-8,191455,98.50845908600404,3.7158515889736012,1.1619307979825733,4.6154650415393675e-6,3.3595595810469793e-4
WBGene00006627,C02F5.8,tsp-1,192096,124.92478259337497,1.9288223062858418,1.219974886145917,4.169284477446306e-4,0.011149804936800314
WBGene00006628,C02F5.11,tsp-2,259752,80.0875526292731,1.4559040859786219,1.0370739199536034,9.84482073658852e-4,0.02064958816805312
WBGene00006705,Y94H6A.6,ubc-8,190802,160.51748987639994,0.7738109014760147,0.46881813454327065,0.0021544255440228612,0.03437380850214674
WBGene00006720,F25H2.8,ubc-25,172941,1400.0051024747718,0.6758887385874832,0.16908991413436325,2.330534678452681e-6,1.9135963402465732e-4
WBGene00006738,Y48A5A.2,ulp-3,3565434,158.07268879783905,1.167728385567472,0.29591989972453975,4.1523566546688176e-7,4.236032932709871e-5
WBGene00006804,Y37D8A.13,unc-71,176706,379.63756426600844,0.5323842957166021,0.26125794198030927,0.0036035740440927165,0.04757424321348286
WBGene00006817,F10G7.3,unc-85,173809,517.1841207410428,0.5347072983616057,0.1994807643858589,7.390790568916403e-4,0.017012715521543296
WBGene00006890,K07E3.8,vem-1,181066,1295.180112196652,1.2192779233520439,0.2652051211561374,2.3677327091733485e-8,3.391903049120033e-6
WBGene00006940,Y53C12A.1,wee-1.3,174531,444.94755180389643,0.5593393500325836,0.29831149410542357,0.0041541832018989,0.052134418449925994
WBGene00007017,Y113G7B.18,mdt-17,180325,656.0396975155749,0.5135436999666292,0.17485571504325742,4.156528083039205e-4,0.011149762383706362
WBGene00007097,B0024.4,B0024.4,179432,1060.780212924539,2.5479016235438925,0.49606035237750556,8.17865598482034e-9,1.2956915469598907e-6
WBGene00007124,B0250.7,B0250.7,181884,62.329230389274784,0.6210219585351595,0.4916385676557931,0.008757258533555128,0.08088151125710105
WBGene00007153,B0365.6,clec-41,179797,9511.23388021478,0.5286137845829267,0.30847833971224314,0.006973579352909181,0.07076580223532405
WBGene00007216,C01A2.4,C01A2.4,182050,340.5152624857802,0.7617979908558503,0.3609537432453839,7.375178942746201e-4,0.01700584925394184
WBGene00007347,C05G5.1,C05G5.1,182275,732.1683996765701,0.6241188465224369,0.3288828223937083,0.0025981462205988772,0.038904424903727905
WBGene00007358,C06A12.5,lact-6,182288,34.64049506999326,8.600410644898309,1.5131432035603918,1.7269718171722412e-10,3.7508713693615157e-8
WBGene00007362,C06B3.3,cyp-35C1,179885,3394.75064199725,2.7873078331103764,0.4173712196574199,8.714634259521948e-13,2.9337816234680637e-10
WBGene00007412,C07E3.1,stip-1,174600,549.9079837804394,0.5029432406247192,0.19666856378313521,0.0013189493989139455,0.025011867581377363
WBGene00007414,C07E3.3,C07E3.3,174601,316.24317449996437,0.5745336475971238,0.41637332272336747,0.009196112339973818,0.08311063675844794
WBGene00007440,C08E8.4,C08E8.4,182409,400.01042701789765,2.865320277774702,0.49245943808986303,1.689497659980258e-10,3.7296353261137963e-8
WBGene00007453,C08F11.5,fbxa-98,182421,134.31972429994923,0.9041285194739997,0.6697646078548329,0.0028079511874693325,0.041032335049826785
WBGene00007460,C08F11.13,C08F11.13,178327,2107.2645040538423,0.6892515340365224,0.43324104218323384,0.003497195678465568,0.046494455526834136
WBGene00007694,C23H4.6,C23H4.6,181384,78.45737804121605,0.7823369843397834,0.6164264167083927,0.004659225977737194,0.05616162312200319
WBGene00007704,C24H11.9,mdt-21,3565572,90.57127022961443,0.5633697079338639,0.3181875672735087,0.004961265733180563,0.05834084497232519
WBGene00007709,C25A1.8,clec-87,172885,96.29798637823824,0.7369782250885559,0.5640718272978729,0.005054801809241971,0.05883142710739185
WBGene00007730,C25G4.2,C25G4.2,178194,352.49005683098324,0.5154199428968439,0.20008676870124606,0.0011402286491768313,0.02288274067036544
WBGene00007762,C27B7.5,C27B7.5,177707,392.17047248068855,0.5996631754783192,0.3759093988363977,0.005510536580064254,0.06144971093073893
WBGene00007807,C29F3.7,C29F3.7,180036,3718.500607846939,0.9355283592068625,0.4180418250612363,2.7057334791761955e-4,0.008206172754636632
WBGene00007811,C29F7.2,C29F7.2,181463,3744.4250049010584,1.4024189277372205,0.45498431298075953,1.1268256090938675e-5,6.99255007007282e-4
WBGene00007818,C30F2.4,C30F2.4,3565278,57.7277426322734,0.7945107463280416,0.9664372611463471,0.008602680153031051,0.07994733674307532
WBGene00007864,C32H11.1,irg-6,183126,1612.196195803529,7.132610240828112,0.5212144571951035,7.02586835770414e-44,3.153678110161465e-40
WBGene00007867,C32H11.4,C32H11.4,178244,28242.13364201343,3.78996123981571,0.4086775381902853,1.5244195397877413e-22,2.0527833522781723e-19
WBGene00007870,C32H11.7,,NA,24.83921035210103,0.8975579396017122,0.8284433396299236,0.004745821254865503,0.05680642579379454
WBGene00007875,C32H11.12,dod-24,178245,28648.2959875153,1.9900035162180618,0.34919664605486245,3.5109141994211953e-10,7.273533939908587e-8
WBGene00007876,C32H11.13,dct-19,183136,34.10145045629044,2.162379238962545,1.1792476595024124,2.1145506808703464e-4,0.006911295987524293
WBGene00007890,C33A12.19,C33A12.19,259588,61.77852050048037,1.9441546461465367,0.9179531143077213,1.399021314837357e-4,0.005091681358270229
WBGene00007921,C34C12.2,C34C12.2,175448,339.9488399415717,0.5249859492807456,0.26904169508706877,0.004549935291637111,0.0552973182646077
WBGene00007923,C34C12.4,C34C12.4,183200,498.0422039466169,0.5128200434010077,0.2851303129879988,0.006679568913283904,0.06919005768175465
WBGene00007946,C35A5.2,ugt-33,179464,193.57294618400402,0.6633629321883694,0.6457442756673768,0.01050553467462049,0.08999206738450351
WBGene00008043,C40H1.8,C40H1.8,3565371,590.4753566084541,2.1678179552363197,0.3254962730730132,1.1940331049101624e-12,3.7392673931907554e-10
WBGene00008100,C44H9.5,C44H9.5,183464,350.19420971431686,0.6668544247640319,0.41098337424377984,0.0036489611288198372,0.04779855112907386
WBGene00008118,C46F11.3,madf-8,183517,136.0043949196183,0.668651577732609,0.34023522629999003,0.0017159979569601118,0.029701973951967223
WBGene00008169,C48B4.6,C48B4.6,183566,133.30046147263658,0.7282843515088729,0.3888141961609886,0.0015615562680358517,0.027925520193055484
WBGene00008170,C48B4.7,C48B4.7,176350,83.23616260028543,0.5370449634487854,0.39161722750763495,0.011558830875720598,0.09566761928239309
WBGene00008204,C49C3.15,C49C3.15,183600,87.95754439777508,0.7445349830976377,0.41225049463808766,0.0016979004197069274,0.029549303104377936
WBGene00008218,C50B6.2,nasp-2,179810,665.4005786272362,0.6725512766245201,0.38823876562329745,0.0028213700694601535,0.041032335049826785
WBGene00008226,C50B8.4,C50B8.4,179842,164.803746975434,0.67517483696831615,0.3306662644565838,0.0013801356924883661,0.025702325819345093
WBGene00008234,C50F4.9,C50F4.9,183680,22.25582822441747,2.1173303504547283,1.3796590093587704,3.7545836148299795e-4,0.01042458205305165
WBGene00008301,C54D10.7,pals-39,183784,105.6173893051569,2.532197894865611,0.704692555693618,3.0304530146064227e-6,2.4242839660497352e-4
WBGene00008334,C55A6.5,sdz-8,183834,247.3597773299688,1.9579557043740192,0.5941497988352272,7.171565186397905e-6,4.78080677227892e-4
WBGene00008335,C55A6.6,C55A6.6,183835,154.12572712465132,1.9656994238082277,0.6450039293611844,1.4396128108010827e-5,8.502555311512009e-4
WBGene00008343,C56A3.4,C56A3.4,179836,122.1268094166273,0.5696142370289075,0.31551863276192715,0.004450143847933425,0.05472660918380959
WBGene00008419,D2030.9,wdr-23,172518,2526.101702524306,0.5437229722969484,0.29527556764226637,0.004946256567979833,0.05832424776218602
WBGene00008425,D2045.8,D2045.8,176468,1164.7119860096025,0.6174283467509346,0.4199527229184373,0.006273390505387805,0.06642737263547954
WBGene00008477,E03H4.10,clec-17,173111,740.5346214114196,3.420206869581478,0.510082802528113,2.816361980099045e-13,1.0250035249733442e-10
WBGene00008483,E04D5.4,E04D5.4,184038,101.04782541497163,0.9859335126735951,0.48459506172385636,4.242170247702416e-4,0.01128953844971556
WBGene00008492,F01D5.1,F01D5.1,175049,2146.7807485524318,1.6269843188696815,0.38109077239088135,1.8660616768540632e-7,2.1662402190100705e-5
WBGene00008577,F08G2.5,F08G2.5,184201,387.5558317291524,0.6611662630027619,0.5844947629548468,0.00909102337772846,0.0826601761002643
WBGene00008584,F08G5.6,irg-4,184206,18933.85246337395,4.318520792973728,0.3554265678567401,3.960274438925093e-36,1.066581111891306e-32
WBGene00008602,F09B9.1,oac-14,181226,2091.920940491489,0.6221096571889092,0.5894076427653032,0.011886289330644515,0.09705488182510255
WBGene00008621,F09C8.1,F09C8.1,181691,442.35600556019637,1.0889482205761583,0.6622502403742543,9.635847786225671e-4,0.02036990993552824
WBGene00008644,F10C2.3,F10C2.3,179650,250.85176226098432,0.7182044625905667,0.4163061695515989,0.0022975379810300208,0.035975170293663095
WBGene00008665,F10G8.7,ercc-1,172867,165.68242536228502,0.5777869726127293,0.372772187516027,0.006791280845588849,0.06997414507221562
WBGene00008678,F11A5.12,stdh-2,184337,64.55718588100406,4.873898842219782,1.0692822910885391,3.380313317401871e-8,4.692711250735422e-6
WBGene00008698,F11D11.3,F11D11.3,184350,48.236008120605035,5.753718095356471,2.353695626345134,1.1233775275237216e-5,6.99255007007282e-4
WBGene00008829,F14H3.10,cyp-35D1,184495,2161.121801660566,5.7904705333277136,0.43684014730233917,1.162586275731622e-41,3.913846697250505e-38
WBGene00008859,F15D4.2,F15D4.2,174966,195.54696629684932,0.6378553303672765,0.26592763897943966,7.165055447243317e-4,0.016616487106250258
WBGene00008876,F16A11.1,F16A11.1,172764,1367.5180474430774,0.6333994329620763,0.1823259449434055,2.6070177630293388e-5,0.0013502346614212722
WBGene00008891,F16H6.1,clec-42,180189,79.04937250805953,1.1119980617342875,0.894438170882686,0.0022616019668065855,0.035495025740113616
WBGene00008905,F17B5.1,F17B5.1,173182,1263.0190472541576,1.8943497255328856,0.7981211289583467,8.029377276380204e-5,0.003286431440843034
WBGene00008915,F17C11.4,F17C11.4,179518,296.8325219505739,1.314145376180395,0.2874635122460908,3.100282381330108e-8,4.348791931978254e-6
WBGene00008988,F20G2.5,F20G2.5,184745,688.6231047830671,1.7674819363355248,0.5757465929971716,1.3058971047853537e-5,7.885744579838374e-4
WBGene00009164,F26E4.11,hrdl-1,172833,1190.8598290451803,0.6008599576347895,0.17834862333913096,5.004712503709384e-5,0.0022315714759917407
WBGene00009180,F26H11.2,nurf-1,175098,3232.2907465907383,0.5029535870930684,0.16301036414579792,2.8444363550240585e-4,0.008549816954632583
WBGene00009213,F28D1.3,thn-1,185060,12.121871864732592,1.4610416604950673,1.5632022387674367,0.0018926368366524353,0.03165993495945552
WBGene00009224,F28F8.7,F28F8.7,185072,132.75200186993226,0.5675766510220489,0.38660095783531834,0.008290046172987689,0.0781749031970954
WBGene00009226,F28G4.1,cyp-37B1,180093,586.4012276233088,0.6851503212202602,0.4955863793348862,0.005358900301365421,0.06048864330107859
WBGene00009374,F34D10.4,F34D10.4,175484,1292.283081090862,0.6331893980966224,0.33732953466701543,0.0025715895734641863,0.03882177712586181
WBGene00009380,F34H10.3,F34H10.3,181180,649.9486575966345,0.5483475165438517,0.25739064877567536,0.0026189620924265446,0.03909860702507301
WBGene00009393,F35C5.5,clec-62,174926,2932.8120422766096,0.704686989353109,0.3865018360357254,0.0019642932368439253,0.03257533587110874
WBGene00009394,F35C5.6,clec-63,174927,88114.26391067672,0.579619022542011,0.34015204104432195,0.005071925088088729,0.05897974372729086
WBGene00009418,F35E8.2,F35E8.2,185293,52.81511247966784,2.6344398532225592,0.5099386311258453,6.784602685556687e-9,1.1141641434598336e-6
WBGene00009429,F35E12.5,irg-5,185307,108701.0590719049,7.791127378110702,0.40245645324467116,8.916192053406936e-85,6.00327210955889e-81
WBGene00009431,F35E12.7,dct-17,179865,5049.488341613555,1.5208832517306394,0.33789025458753064,6.015492468517864e-8,7.817115876072594e-6
WBGene00009435,F35G2.1,F35G2.1,178168,1321.5832070680867,0.5669056246090184,0.2103181321925625,5.493093006247382e-4,0.013752501814416852
WBGene00009801,F47A4.5,ipla-2,181196,677.4394723470319,0.739284367392779,0.2852624633484505,2.161297636690022e-4,0.006996162013381692
WBGene00009805,F47B8.4,F47B8.4,179930,48.71102270138332,3.5230782414166355,1.1382506454025492,6.533210810162993e-6,4.420915415560546e-4
WBGene00009820,F47B10.9,F47B10.9,185906,199.53517040669027,1.1776722511332993,0.5353075546185103,1.9077408362246727e-4,0.006488564950348767
WBGene00009895,F49E11.10,scl-2,178251,2178.28305759695,2.7227202527806225,0.4332912320113892,1.204012385874945e-11,3.0591001487154733e-9
WBGene00009908,F49H6.5,F49H6.5,186073,26.200847907000348,1.6028807737589983,0.9123996297703509,4.008480921941244e-4,0.010860805652889495
WBGene00009914,F49H6.13,F49H6.13,186080,54.91038993555548,1.2329271744823,0.8884346953730511,0.0013837952041456404,0.025702325819345093
WBGene00009921,F52B5.2,F52B5.2,172614,217.65798099191338,0.5727543233322141,0.21663187822004432,6.051095323355896e-4,0.014655404608688938
WBGene00009937,F52F12.4,lsl-1,172844,343.3429361593513,0.5530894558003964,0.2566182383508482,0.0023913918303376342,0.03692945227904425
WBGene00009957,F53B2.8,F53B2.8,178203,4745.6222689953765,0.6947310971697779,0.5450053949228906,0.006274737709218029,0.06642737263547954
WBGene00010019,F54B8.4,F54B8.4,186201,316.27848962817683,1.9235278042940978,0.9003373442956766,1.3606509734915748e-4,0.004978947285064551
WBGene00010053,F54D5.9,F54D5.9,174766,403.73403944521294,0.8702964537004129,0.36572309230760214,2.195732394063999e-4,0.007073620195805218
WBGene00010061,F54E12.2,F54E12.2,178054,680.3353031544794,0.5453670005097274,0.2590835571165166,0.0028322479277169805,0.04114244940090276
WBGene00010118,F55F3.4,F55F3.4,186318,227.50212119513787,1.15160715713111,0.5612282117882293,2.9954070001829013e-4,0.008845616908961615
WBGene00010123,F55G11.2,F55G11.2,186337,11800.23265754351,3.040765098864485,0.3555359189664937,3.316633117702292e-19,3.190127254498505e-16
WBGene00010124,F55G11.4,F55G11.4,178248,13325.064045883726,2.4807781372954234,0.3487604296884576,5.631412660462061e-14,2.2303706731112386e-11
WBGene00010185,F57A10.4,F57A10.4,180058,25.944900636000146,0.7311218075311093,0.8296214092635252,0.009963307700314577,0.08683877119251526
WBGene00010193,F57C2.1,btb-20,186442,117.5425632191577,0.6223566903845063,0.36634564780967266,0.00396718235847632,0.05063704041634325
WBGene00010227,F58A4.2,F58A4.2,176356,91.77281424473081,0.5482698047344251,0.38344575897003075,0.009884263996037685,0.08659824266144663
WBGene00010232,F58B3.6,F58B3.6,178090,913.6326522647219,0.6037220954776719,0.17898555286333778,4.816327567286246e-5,0.0021763982221837783
WBGene00010243,F58D5.3,F58D5.3,173088,19.56207686400721,0.6842192082482014,0.7873405588754276,0.011793712736853243,0.09650952825288292
WBGene00010269,F58G1.7,F58G1.7,174937,168.67836344032614,0.6925690456262112,0.4287599977270972,0.0032747713526395253,0.044678896691635106
WBGene00010293,F59A1.7,fbxa-108,186560,81.4964235236281,0.6314488956871421,0.5020888570738192,0.008424336491134353,0.07887828646402208
WBGene00010363,H04D03.2,H04D03.2,186678,143.56454901697663,0.5620073053415536,0.4561493697507628,0.012293096431058524,0.09865246516128373
WBGene00010409,H21P03.2,H21P03.2,186758,280.0493925137418,0.5334614783684399,0.31609771649507423,0.007065760009743358,0.07121820680479346
WBGene00010436,JC8.4,JC8.4,178281,86.05632862128364,0.5933120985984299,0.4558439857786014,0.009424058997212053,0.08425792048299394
WBGene00010470,K01D12.11,cdr-4,259654,1012.9226271507837,2.202161759480878,0.41169855417816076,2.7439827660487435e-9,4.861904201001629e-7
WBGene00010480,K01G5.9,tasp-1,176508,489.1719061790771,0.5680623667483227,0.21444581813664645,6.192273011250516e-4,0.01484100473802885
WBGene00010583,K05C4.7,K05C4.7,173337,274.0365266420083,0.5855910246611766,0.25288899877045984,0.0012888016661493445,0.024792861766238676
WBGene00010608,K07A1.1,K07A1.1,187080,180.20838935611496,1.0457814731205537,0.4520208229312046,1.6713278096532755e-4,0.005815529789351681
WBGene00010660,K08D8.6,K08D8.6,178241,4312.67155646096,1.620526356996072,0.5148754970670837,9.845477521534296e-6,6.313295252618135e-4
WBGene00010671,K08E7.1,eak-7,3564920,424.38462187178135,0.5517436736038112,0.3152804454534591,0.005573706625256235,0.06182498633912724
WBGene00010730,K10C3.2,ensa-1,172837,1234.050627025179,0.5208449753492452,0.18198839324864158,4.91163885749881e-4,0.012598119781919805
WBGene00010734,K10C8.1,parn-1,187256,144.61103252626134,0.6544357086337795,0.513472597976101,0.007402915717683568,0.07345800704798021
WBGene00010745,K10D11.1,dod-17,187266,4922.09128499698,0.8906430305211798,0.3920137286899594,2.810470840925415e-4,0.00848560545827391
WBGene00010769,K11D2.2,asah-1,173120,4277.648409610635,0.7386623700440121,0.37754412801780585,0.0012161409181625055,0.023791924337417468
WBGene00010790,K12G11.3,sodh-1,179627,466.88824561403635,2.680956613993499,0.5901114583516024,1.0901684448900966e-7,1.3225412863864901e-5
WBGene00010791,K12G11.4,sodh-2,179628,149.4605030250656,2.6056787883720562,1.1153251225590854,5.7734799697405254e-5,0.002483887580591882
WBGene00010839,M03C11.2,chl-1,176457,273.85794153060726,0.5361368692957214,0.28844507920104073,0.005044664303758611,0.058815107804686975
WBGene00010977,R02D5.3,R02D5.3,187521,466.45414382617616,0.5541466968586122,0.41836042224154235,0.011217810822143076,0.09423520931439718
WBGene00011062,R06C7.2,R06C7.2,187640,55.41289041004786,1.2184398704251687,0.6518734686293985,4.4863021542722575e-4,0.01175341338704868
WBGene00011190,R10D12.9,swt-6,187765,219.3677183579517,2.795627175192106,0.5356918843620962,4.638457478759992e-9,7.906514988478741e-7
WBGene00011279,R74.5,asd-1,175542,241.27953432950181,0.7973005955453634,0.35564663246292477,4.3945522704280404e-4,0.011603341347761566
WBGene00011304,R166.5,mnk-1,174623,3830.4482288686354,0.5260559258535458,0.14205225559318388,2.7514641128309663e-5,0.0014195868100912565
WBGene00011362,T02B5.1,cest-1.1,179915,474.1107465752946,1.8347325889557258,0.7102455492910656,4.894815007176688e-5,0.0022011466659640306
WBGene00011367,T02C12.2,snpc-3.4,192054,178.4099533180833,0.7312661463689547,0.31462749188842837,4.863399602398089e-4,0.012570161045276904
WBGene00011376,T02E1.3,gla-3,172604,225.91711998676186,0.5665516883561462,0.4276227450617661,0.010466315167158319,0.08976791124281493
WBGene00011560,T07C4.3,T07C4.3,176451,709.9536853765279,0.5859120584628977,0.3239612409131299,0.003975746722770599,0.05069830053866372
WBGene00011591,T07F10.5,T07F10.5,188237,33.60686698374682,0.8926973552512116,0.7501624309748988,0.003979974454037296,0.05070419678151961
WBGene00011600,T07G12.10,zim-2,177948,140.07857374079506,0.6917947898121564,0.34483653178567036,0.0013694350019600125,0.025541290493619848
WBGene00011733,T12D8.5,T12D8.5,176797,979.77113649288,1.9284393563153488,0.6043880056340307,9.61671703358328e-6,6.225899594915021e-4
WBGene00011746,T13F2.6,T13F2.6,177817,338.0324635458917,0.6339596465686588,0.3172481205193461,0.0019562926775821923,0.03251829347200538
WBGene00011849,T19H5.4,T19H5.4,174503,439.1978325933614,0.7028204899656515,0.3528063151188435,0.001334997680275838,0.025072634257453884
WBGene00011850,T20B3.1,T20B3.1,180126,556.7959607307705,0.5295928385026022,0.2256910007566289,0.0018273030886118299,0.031186535341088263
WBGene00011871,T20G5.9,T20G5.9,188661,183.31635221981634,0.5070103328376874,0.2807609578796357,0.006872768865665406,0.07027236563785146
WBGene00011894,T21C9.8,ttr-23,188688,131.55136091443063,2.7796561382036646,0.5758877680541339,3.038979978102957e-8,4.307674145803623e-6
WBGene00011959,T23G4.3,nyn-1,178337,166.16888515014264,0.7411518754420963,0.4348055695506388,0.0021749663991246938,0.034658034312662074
WBGene00011985,T24D1.2,T24D1.2,172852,368.3880205392589,0.7225056459433854,0.29625704659222424,3.7178505506170044e-4,0.010343920560869541
WBGene00011988,T24D1.5,har-2,172853,130.49733667575558,1.3716722454741364,0.4102125074144065,4.610825685848194e-6,3.3595595810469793e-4
WBGene00012013,T25B9.7,ugt-54,188885,372.6248101217179,0.9877169377998941,0.6061955170981536,0.0012173352048478118,0.023791924337417468
WBGene00012027,T25E12.12,fbxa-127,3564877,73.75277130244133,0.9464260526739694,0.8226423189797752,0.003765707760221828,0.04894693117678295
WBGene00012028,T25E12.13,srz-99,3564956,40.5908913693403,0.9523841739380031,0.8669286809020009,0.004063471875289619,0.05128276689095596
WBGene00012095,T27E9.5,pssy-2,176776,287.749284076368,0.5605417578651147,0.35133763292303605,0.006965188562465974,0.07073395865925097
WBGene00012104,T27F6.4,sygl-1,173116,259.3733193576713,0.7466378103559999,0.540846180064388,0.004230961467340888,0.05270660255933809
WBGene00012113,T28B8.1,T28B8.1,172599,500.76596094707804,1.0893866482213905,0.42014984079930817,6.539373851134495e-5,0.0027604767485698155
WBGene00012139,T28F4.4,T28F4.4,172502,310.28834328422465,0.627696805179958,0.26271008799309736,7.885195319997734e-4,0.017875764339914058
WBGene00012140,T28F4.5,T28F4.5,172503,4806.705458040782,1.8266521193812517,0.373144824786663,1.6717199760023887e-8,2.4737781534997988e-6
WBGene00012148,VF13D12L.1,inos-1,174792,1898.4471992231634,0.55657696787736,0.3165358804094255,0.005312440314691464,0.0601380440511611
WBGene00012164,W01A8.2,W01A8.2,172436,30.017931115827196,0.9532088905735067,0.6448465576329918,0.0018811170268122246,0.031624371888955574
WBGene00012182,W01D2.5,osta-3,175140,157.74557316260004,0.6932768835648473,0.51725384081103,0.005603937994151976,0.062058083083265214
WBGene00012185,W01F3.2,W01F3.2,180351,127.73740587427109,2.0070698354308187,0.8033496393201215,5.7204392131849076e-5,0.0024689562322034605
WBGene00012188,W01G7.4,W01G7.4,175057,306.30733939426125,0.5865979438691951,0.2812882205897292,0.0021986651331887567,0.034791098335510924
WBGene00012216,W02D9.10,W02D9.10,173125,279.7510097645356,1.1632502074979298,0.6600393693249842,6.365444726184785e-4,0.015091034979366957
WBGene00012221,W03C9.5,W03C9.5,174835,110.5116599877567,0.5458354658251305,0.3300514983153161,0.006907286011925858,0.0704647829065103
WBGene00012236,W04A8.1,W04A8.1,173252,184.35603445074915,0.7171490392648113,0.42751082917490457,0.002564324806509578,0.03875555313631648
WBGene00012268,W04G5.8,W04G5.8,189203,17.687360229758067,0.7378637468424472,1.2332110136510706,0.010027591779700275,0.08722968404744438
WBGene00012276,W05B10.1,his-74,179734,393.03703670262905,0.6303224137565946,0.33809058530994507,0.002688678560360253,0.03983030307349963
WBGene00012295,W06B3.1,nmat-1,189236,71.21877069653146,1.0176816440490595,0.6581378507210559,0.001396320497344094,0.025863620106238747
WBGene00012398,Y6E2A.4,Y6E2A.4,189374,86.1934019834362,1.7174777241151757,0.9099641531915328,2.724265136836552e-4,0.008243809962391239
WBGene00012399,Y6E2A.5,Y6E2A.5,189376,59.955226471089816,0.6780345757626481,0.6391612608357199,0.009484521830431032,0.08447752857993208
WBGene00012431,Y11D7A.7,Y11D7A.7,189432,58.68296521921709,0.8384558522931566,0.640697021526653,0.0036427969367579,0.04779855112907386
WBGene00012468,Y17G7B.17,Y17G7B.17,174849,588.164301090986,0.5510212580403121,0.18828860090343072,3.188804992506557e-4,0.009254406902821831
WBGene00012481,Y18D10A.11,Y18D10A.11,173153,172.97769833694585,0.5613601897694224,0.4401213143321757,0.011588505884684066,0.09579546976252648
WBGene00012492,Y20C6A.2,fbxb-7,189498,27.511781216963566,0.8465850224632925,1.150075253621609,0.0076061793504132525,0.07422087763236583
WBGene00012496,Y24F12A.1,Y24F12A.1,178085,268.6508056491337,0.6289796653005131,0.3468977896384378,0.0030216488505774458,0.04278603935002722
WBGene00012518,Y32B12A.3,comt-2,189563,102.58644475549941,3.4891006441733996,0.5172927563962034,1.9472860128827947e-13,7.283931513744365e-11
WBGene00012629,Y38H6C.17,slc-36.3,189698,64.27693582274395,0.6522775143731322,0.6073761415316812,0.010257129757825709,0.08882476483529324
WBGene00012641,Y39A1A.1,epg-6,189705,586.9617051576214,0.5556239916612352,0.19609011639220486,4.0502864146121204e-4,0.010952039529953175
WBGene00012664,Y39B6A.1,Y39B6A.1,180264,17139.040062445052,0.5202184227964204,0.3624042495102505,0.011657535214875654,0.09607121738281246
WBGene00012695,Y39B6A.37,Y39B6A.37,180242,170.8820346978565,0.5801547831275172,0.28961510525495066,0.002756032252172793,0.04055743889219691
WBGene00012702,Y39B6A.46,ztf-20,189730,33.82859839744235,0.6050286418111483,0.5354432236947968,0.011530906317370556,0.09557109128643437
WBGene00012727,Y39G8B.7,Y39G8B.7,189765,160.45774243383846,1.0600662384081767,0.7177123377918945,0.001512217479932399,0.027223958001028996
WBGene00012757,Y41C4A.11,Y41C4A.11,29991192,92.02868760544617,1.8751062408462693,0.7476428398731642,5.845206315710833e-5,0.0024987793094400656
WBGene00012835,Y43F8C.14,ani-3,180291,471.3354513668489,0.5172193504276233,0.22494037979705495,0.0022497970267727247,0.03535095304844984
WBGene00012850,Y44A6C.1,Y44A6C.1,189898,586.6147364346706,0.5569708399193092,0.346739392750555,0.006989167367432796,0.07081725189604969
WBGene00012897,Y46G5A.5,pisy-1,174902,550.2748445134611,0.9042874860767781,0.26559870421660475,5.704382763188752e-6,4.021739177439777e-4
WBGene00012903,Y46G5A.12,vps-2,174908,848.0143882723188,0.5153741674758543,0.18407424176666057,6.142795635311575e-4,0.014824173122778795
WBGene00012907,Y46G5A.17,cpt-1,174912,4988.211072277146,0.5793263236148696,0.23826039456051856,0.0010103533510264929,0.02106101892402903
WBGene00012961,Y47H10A.5,Y47H10A.5,173091,619.8581811842447,0.7571060737537736,0.6020147455004257,0.005169076802426637,0.05945311924466327
WBGene00012968,Y48A6B.7,Y48A6B.7,176533,754.91682278649,1.3984723211603738,0.479925384479563,1.9356020152712912e-5,0.0010860340307351337
WBGene00012969,Y48A6B.8,Y48A6B.8,190012,55.005738964259244,0.7317304608118352,0.8336101850574122,0.009978143719688734,0.08691182621560704
WBGene00013073,Y51A2D.4,hmit-1.1,180205,1442.0636042254725,0.5839042724687302,0.39426071344065683,0.007385513269311995,0.07343707410719985
WBGene00013080,Y51A2D.13,Y51A2D.13,180213,5237.992510915172,0.9601384121014331,0.521340140945534,7.581201144469783e-4,0.01736198207677383
WBGene00013096,Y51H1A.6,mcd-1,175040,649.1696985216538,0.5328007440498105,0.15242476297561,5.631102744352113e-5,0.0024460783727563084
WBGene00013150,Y53F4B.3,pole-4,175152,392.0667136466433,0.5815654569687668,0.2986838249845924,0.003077333699882549,0.04317112752392619
WBGene00013160,Y53F4B.13,cmtr-1,175156,1136.761905483418,0.5999076178557154,0.1308295780535506,3.477072778246576e-7,3.681309541860839e-5
WBGene00013176,Y53F4B.39,Y53F4B.39,175161,1093.5777740959522,0.6061105915374202,0.26815619129291707,0.001271845914522783,0.02461958739219718
WBGene00013405,Y63D3A.4,tdpt-1,173276,225.00576805701462,1.0893796195912182,0.3418564871281784,8.561351519189972e-6,5.596464056185057e-4
WBGene00013419,Y65A5A.2,Y65A5A.2,190478,168.9001457695748,0.5164689286482361,0.30118353988200836,0.007573107962345171,0.0740787365394984
WBGene00013433,Y66D12A.7,Y66D12A.7,176590,78.22096152835694,0.6171509597399466,0.417592835925918,0.00619725836523555,0.06597018272431772
WBGene00013538,Y73F8A.34,ari-1.4,178437,320.4883050185856,0.7032715650655755,0.25636824892220594,1.7179850071793676e-4,0.0059318938735070164
WBGene00013553,Y75B8A.18,Y75B8A.18,190705,55.23492786701268,1.2932063833772571,0.7123132871685938,4.713099140821926e-4,0.012228630641677852
WBGene00013593,Y87G2A.1,Y87G2A.1,173221,421.1304866770736,0.6119635025215452,0.25655118469135346,8.918312923969657e-4,0.019211918542877553
WBGene00013609,Y102A5B.3,clec-37,190828,67.17579581852105,1.0030732384057597,0.8181037069903402,0.0028890742595770475,0.041653398264951305
WBGene00013900,ZC443.5,ugt-18,179759,203.97765398775473,0.6935428459882427,0.8045607444318673,0.011496233093528466,0.095442832822105
WBGene00013901,ZC443.6,ugt-16,191171,1659.8868081764956,0.8520746030590564,0.4109002759957295,5.609765570835742e-4,0.01393747291086238
WBGene00013906,ZC455.6,ugt-5,179753,1097.8417960412924,0.5107905902095689,0.31814470246013266,0.009496409598739203,0.08451992839168679
WBGene00014058,ZK673.2,ZK673.2,174608,911.6363694695773,0.5546040690064965,0.20273754573344682,5.41201888813298e-4,0.013647611675580281
WBGene00014066,ZK675.2,rev-1,174275,272.3328847973653,0.6851619901815886,0.3355336779696206,0.0013032960713480143,0.024929239910188014
WBGene00014136,ZK896.5,ZK896.5,178239,476.6091743879628,0.5365236019140113,0.4005692061865112,0.012151116165836234,0.09802944159708965
WBGene00014138,ZK896.7,clec-186,178238,3894.4755658281597,0.7838510601270815,0.3872800503893988,8.363724467984792e-4,0.01846326453866938
WBGene00014173,ZK970.7,ZK970.7,191473,62.014917533383795,3.071212903694691,1.0351434026708066,1.137864251941449e-5,7.028660558093372e-4
WBGene00014182,ZK1025.2,ZK1025.2,173030,57.899577651766606,0.9879463208330559,1.2753513604445321,0.00519707060384758,0.05961137372351918
WBGene00014230,ZK1128.4,gtf-2H3,176425,240.0294389292289,0.5384780717710999,0.2701960013100964,0.003786124290349784,0.04902302855177903
WBGene00015010,B0041.6,ptps-1,181823,377.1468691701796,0.5969120799062249,0.2938449733913664,0.002310834303585478,0.036099413842322556
WBGene00015013,B0047.2,,NA,22.268022798002814,0.8001708754676344,0.926665806320921,0.008197375854198143,0.07762718934784262
WBGene00015102,B0280.5,cpg-2,175991,292.4722496984393,0.5705661499738217,0.3592340803630026,0.006629935804507579,0.06903000431027971
WBGene00015147,B0336.7,B0336.7,175792,245.8168631431505,0.5946946011762089,0.2859952953935276,0.0021070192467293383,0.0339391401632264
WBGene00015191,B0432.10,B0432.10,173413,120.34937743611552,0.8517408022004662,0.38991602493338634,4.13702150457025e-4,0.011126825521794547
WBGene00015198,B0454.7,clec-2,181993,217.49817464441594,6.993180108547975,0.7493876773477532,4.571109971019155e-22,5.129547239145329e-19
WBGene00015200,B0454.9,lido-13,173651,86.39914617381403,0.5571173289434903,0.3905121423429839,0.009426581702935224,0.08425792048299394
WBGene00015249,B0546.2,otub-4,177104,259.25059995207425,0.5640690147055684,0.32502763753512637,0.005279389641624644,0.06008578913424552
WBGene00015251,B0546.4,B0546.4,177105,138.8404602577727,0.6322906318201218,0.3192786937589108,0.0020584604176944275,0.03335647170237444
WBGene00015267,BE0003N10.2,chin-1,175268,204.1672083348714,0.5385004242198614,0.2925520237297545,0.005137607637627258,0.05933364017863522
WBGene00015312,C01G8.1,C01G8.1,172170,39.51511117951022,0.6993688475894213,0.5999707247350518,0.007440931000128999,0.07356797125384516
WBGene00015399,C03G6.14,cyp-35A1,182176,62.72441785337652,7.792291267917713,1.3497198399513033,1.5194351069284448e-10,3.410118858316406e-8
WBGene00015423,C04E6.7,C04E6.7,178976,173.6264663036132,0.8696232585370639,0.5184702576597631,0.0014640762266162014,0.026642230361640228
WBGene00015470,C05D2.10,wdr-37,175774,596.8566875770896,0.9149164417715182,0.1949079368788986,1.707125698244682e-8,2.4987124622350965e-6
WBGene00015505,C06A5.8,C06A5.8,172276,53.16032722613444,0.7517446876486983,0.719620755607192,0.0075689772216900415,0.0740787365394984
WBGene00015552,C06G3.6,C06G3.6,177467,384.4061173383351,0.5610941663814842,0.20916074677294047,5.962558909365431e-4,0.014493107991609189
WBGene00015591,C08C3.4,cyk-7,176092,431.1036614383308,1.0470304384430429,0.3785443856136763,3.9800046319917064e-5,0.0019348282445631885
WBGene00015598,C08E3.6,fbxa-163,182398,13.281193048602535,1.6872178860219993,1.7448303502786353,0.0013202579218476926,0.025011867581377363
WBGene00015759,C14C6.5,C14C6.5,178574,8284.407027416968,2.572815038839264,0.33904482978435013,1.6156013453905292e-15,8.702275086811546e-13
WBGene00015776,C14F5.1,dct-1,181053,186.2369320063978,1.587941925659775,0.3722755214495982,1.793843705546085e-7,2.1005129859898767e-5
WBGene00015807,C16A3.2,C16A3.2,182649,77.13932672715151,0.7670482716622312,0.5751098573542953,0.004320870733534822,0.05353115868482362
WBGene00015816,C16A11.3,C16A11.3,173756,137.99992229915472,1.5151798324479766,0.6229386018791043,7.860233038054966e-5,0.0032368776174448986
WBGene00015932,C17H12.6,C17H12.6,182755,1130.8246236825066,1.8456976562954823,0.5018265101252659,2.0689069387874338e-6,1.7304286234603468e-4
WBGene00015933,C17H12.8,C17H12.8,177447,6029.094882076102,0.6844391688352701,0.3615394544733987,0.001857466866156613,0.0314233600207118
WBGene00015938,C17H12.13,anat-1,177439,563.296068409439,0.6153053206801433,0.2242738445181109,3.2699066527143797e-4,0.009449047850955329
WBGene00015975,C18E3.6,cas-2,266829,369.44621485897795,0.5819001119168671,0.2981020208589371,0.0030385474452232944,0.04284005568337656
WBGene00016004,C18H9.6,C18H9.6,182809,3748.3022884429543,2.499208541080548,0.32996438429821257,1.8843459348976507e-15,9.759462445896832e-13
WBGene00016045,C24B5.2,spas-1,179300,428.3351190429108,0.5350675345506025,0.24091090656991584,0.0023566969454712093,0.0364773345605923
WBGene00016052,C24B9.9,dod-3,178737,862.0434454416059,2.6254680478467574,0.6874699356608736,1.4911892005349572e-6,1.2872021650258802e-4
WBGene00016178,C28C12.2,mesp-1,177655,56.308648234929926,0.9480156860044484,0.6083595288683609,0.0015804877242816637,0.02804064254964016
WBGene00016182,C28C12.12,C28C12.12,177653,286.35794366550806,0.7667451013324715,0.28993953956101515,1.5733861985431745e-4,0.005546392290466594
WBGene00016340,C33C12.8,gba-2,183155,156.00076967994022,2.86088509406405,0.7783701799322204,2.0458055223864087e-6,1.721801072778461e-4
WBGene00016407,C34D10.2,unk-1,181059,1649.3209586417115,0.874222811596622,0.2044423004326278,1.5634656615583443e-7,1.8468095261881286e-5
WBGene00016467,C36B7.4,C36B7.4,183256,11.822067572308322,0.7475345794059414,1.3483650690518845,0.00910308704876421,0.08270911564690533
WBGene00016577,C41H7.7,clec-3,183396,1003.9489293969332,1.9547300786990338,0.5827048609077319,6.024889806109963e-6,4.1869846151275315e-4
WBGene00016594,C42D4.1,C42D4.1,183403,9317.37223211165,0.5483513683453951,0.3381111765264175,0.0071878638974862685,0.07201768991335572
WBGene00016701,C46A5.5,dsb-3,183499,84.59706783274794,0.6393062529473874,0.4399045465932367,0.005792050599413927,0.06330824137313956
WBGene00016785,C49G7.7,C49G7.7,28661643,200.76099600902006,3.0934674626952976,0.8446675443508912,1.8381898373839953e-6,1.5666496424185367e-4
WBGene00016786,C49G7.8,cyp-35A4,183622,457.99337324877075,0.7811122805514384,0.49520754251557125,0.002470301170706906,0.03793053086059201
WBGene00016788,C49G7.10,C49G7.10,183624,473.84793975491004,0.7375166602011479,0.713590150253819,0.008052165227116034,0.07684653221002447
WBGene00016845,C50F7.5,C50F7.5,177554,1309.8864692693382,3.458572723081209,0.6573323867132749,1.7564477182649558e-9,3.1536433298874524e-7
WBGene00016863,C52A10.2,cest-35.2,178910,196.37406596787756,2.463328704348175,0.5581825586871215,1.960910186160329e-7,2.2568903048576914e-5
WBGene00016971,C56E6.3,toe-2,174076,288.42577624103336,0.5177159500861855,0.2487010888774727,0.003661091792428416,0.047857914542854985
WBGene00016984,C56G3.1,npr-8,183869,133.71707654027,0.8513599194869346,0.3515878788982825,2.081777051993353e-4,0.006837368239546949
WBGene00016992,CD4.7,zhit-1,183878,74.12319089209177,0.6167358156408671,0.4268152335300842,0.006584093408533304,0.06888997811912158
WBGene00017045,D2007.5,atg-13,176150,380.6496764318815,0.5379991890290545,0.2108790736462163,0.0010205993501742016,0.021176257086973495
WBGene00017079,D2096.12,D2096.12,3565193,285.14031550921374,0.6427659015179013,0.22348654456775346,1.7787722468732835e-4,0.006110445682753988
WBGene00017132,EEED8.1,tofu-6,24104386,365.07911884810136,0.5911465870015625,0.30183504870995526,0.002816046921554053,0.041032335049826785
WBGene00017142,EEED8.14,EEED8.14,184046,57.74310595031255,0.7916922706382311,0.6279554326231224,0.004598126909793829,0.055681993675614834
WBGene00017199,F07C4.2,clec-45,184130,201.6961003664327,1.0197068059022067,0.8592411983648189,0.0030069194057792945,0.04263015807550161
WBGene00017220,F07F6.8,F07F6.8,173926,483.28424612956104,0.5309291586520043,0.17303423924050357,2.417199585114447e-4,0.007595675763846142
WBGene00017238,F08B4.7,snrp-3,177674,524.4578709198256,0.645196875822678,0.1859286603319034,2.388999940924252e-5,0.0012715523005725684
WBGene00017265,F08F3.9,snpc-1.3,178929,132.9062701445576,0.8553767150935306,0.41757707186694354,5.937083194697885e-4,0.014492227019665347
WBGene00017304,F09F7.7,nmad-1,175765,389.8297221341244,0.5093532962311655,0.2409813770173563,0.00363954490248082,0.04779855112907386
WBGene00017361,F10E9.12,F10E9.12,176174,65.22667697763822,0.8145622765937507,0.7245489937935655,0.005514633566003793,0.06144971093073893
WBGene00017422,F13C5.1,F13C5.1,180411,56.98177452883207,2.2163546538357015,1.0498137390405275,1.1807878117757657e-4,0.004466429402632714
WBGene00017432,F13H6.4,,NA,18.246961521360888,1.3755386932019376,1.7408879336143457,0.002321535634008144,0.03621088402461763
WBGene00017484,F15E6.3,F15E6.3,177195,33.81157966367954,3.5580338398570834,1.4045869633767099,2.2110933510259196e-5,0.0012054487070815802
WBGene00017549,F18A1.8,pid-1,184627,109.77546592556115,0.780947554478597,0.3883283178245157,8.756038137605455e-4,0.019048272950079978
WBGene00017606,F19F10.10,ets-6,179141,291.85095689375,0.6189914058411644,0.3290429323871133,0.0027782127195879764,0.0407976144841567
WBGene00017620,F20A1.9,tofu-2,179089,371.25911731527765,0.6452297169369127,0.4128150454248551,0.004576826136430491,0.05552391058844414
WBGene00017698,F22B7.9,F22B7.9,176213,137.2920341993154,0.8035901197189791,0.5122009139708471,0.0023261962573966934,0.036213362776998693
WBGene00017735,F23C8.6,did-2,171801,1327.5354777590464,0.7255065696876327,0.1704643676778018,4.878934530987249e-7,4.866646844020318e-5
WBGene00017764,F25A2.1,F25A2.1,184913,130.8541318861716,2.2684578020907895,0.6430592958996006,3.8322986786899424e-6,2.883001899845741e-4
WBGene00017781,F25E2.3,F25E2.3,180429,185.8862764041147,0.9933402962599143,0.47979728887652096,3.7748347772881155e-4,0.010459243849992132
WBGene00017861,F27D9.2,F27D9.2,181028,540.5847145170271,0.9819867484685213,0.40900744349799856,1.4714252530546686e-4,0.00531212130231479
WBGene00017934,F30B5.4,F30B5.4,177185,397.2357252927384,0.5581349824981928,0.3110460315014573,0.0049077233438663435,0.05792059820201944
WBGene00017964,F31F7.1,F31F7.1,185179,4712.059355011335,2.295247249383206,0.3981910907519773,3.086625095770711e-10,6.494452115570062e-8
WBGene00018016,F33G12.4,lrr-1,173869,145.42272452041632,0.5849157400071205,0.28761900162082876,0.002495688078158338,0.03810310165587322
WBGene00018208,F39G3.3,F39G3.3,178865,379.9905494785762,0.549924049888185,0.1645739986493904,8.431758299569114e-5,0.0034096713892491797
WBGene00018226,F40B5.2,F40B5.2,181090,441.6242086455354,0.5338494197621069,0.21371880620611006,0.0012112530632858243,0.023791924337417468
WBGene00018370,F42H10.6,F42H10.6,176198,226.9354528839032,0.673776029117415,0.3666140345964686,0.0022276277909722333,0.03512556889137248
WBGene00018420,F44E2.7,F44E2.7,176245,448.101360651302,0.5112793553116084,0.21628928701238986,0.0020175093157680816,0.03306310211376214
WBGene00018466,F45E1.5,F45E1.5,185794,178.29392537311622,1.2097048660759946,0.45649332891683414,4.765461183191624e-5,0.0021674590862797607
WBGene00018488,F46E10.1,acs-1,179043,2779.872110944983,2.164370168757025,0.4203424725490305,7.256982016984125e-9,1.1633633314370025e-6
WBGene00018564,F47D12.9,F47D12.9,175892,983.4920732327537,0.9159612749317131,0.23021431262446512,5.035075575292814e-7,4.9854652718303696e-5
WBGene00018602,F48D6.4,F48D6.4,180697,2256.7502017893144,1.0266330466334217,0.4955409584889857,3.50004589999897e-4,0.009943379343752346
WBGene00018643,F49F1.1,drd-50,177176,327.8673558716045,0.8798458214659315,0.578229143928245,0.002049200928128843,0.03324643337130482
WBGene00018646,F49F1.6,mul-1,186063,695.0421565913484,2.643265986755495,0.45602584916383687,2.3770486923559454e-10,5.080847252581772e-8
WBGene00018647,F49F1.7,F49F1.7,177177,403.02604167881265,0.677704901936926,0.39714999102122284,0.0029043800547829744,0.041763940369572476
WBGene00018659,F52C6.2,F52C6.2,173558,87.28832661376045,0.6912389739688105,0.40122123531100473,0.0026224542085448296,0.03910738468689333
WBGene00018680,F52C12.3,tsen-54,176994,109.28016841908445,0.5181730650707824,0.28587076922343785,0.006261464171975491,0.06639124136993854
WBGene00018704,F52E4.8,ztf-13,186116,515.1689235168772,1.0368579751601725,0.2577257841474518,3.1119778808631907e-7,3.3524715314962976e-5
WBGene00018707,F52F10.3,oac-31,178643,202.15627166082976,2.786910581086854,0.40932414895093255,3.613435698892821e-13,1.2804875031918612e-10
WBGene00018724,F53A9.1,F53A9.1,186142,996.3160452587357,0.9165903134481546,0.36855134387591726,1.3522189351199447e-4,0.004978947285064551
WBGene00018725,F53A9.2,kreg-1,186143,358.4973809652985,0.6302220437674386,0.6119184438536523,0.011903261613610496,0.09705488182510255
WBGene00018730,F53A9.7,F53A9.7,186146,176.79280615846955,1.3222459028537539,0.5679812977792257,1.1556016884191863e-4,0.00438347389753599
WBGene00018755,F53C3.12,bcmo-2,173733,329.7988642959381,1.208048566261519,0.3505804640313103,3.0612935561606577e-6,2.4242839660497352e-4
WBGene00018760,F53E10.4,irg-3,178726,3049.824302534796,2.1625602548597973,0.306510482011138,7.966539130048057e-14,3.065069026435061e-11
WBGene00018803,F54D10.2,fbxa-24,173727,79.80017588337357,1.0076383148160069,0.7783075553976562,0.002495538645841345,0.03810310165587322
WBGene00018806,F54D10.5,F54D10.5,173724,77.0986574701459,0.8960538154957162,0.5605023359195223,0.0016387593954706298,0.028846449698571898
WBGene00018910,F56A4.2,F56A4.2,178721,1463.0772570509296,7.252505894689309,0.3660720678729649,1.4488524981581095e-88,1.9510247740197103e-84
WBGene00018971,F56D6.2,clec-67,177151,6613.744539862053,2.230278507786771,0.44280672815511307,1.2922681170619653e-8,1.955245220714205e-6
WBGene00018996,F57B9.1,F57B9.1,175973,345.99430169900995,0.5383507875810836,0.2645009242458836,0.003466491477732004,0.04635528722853939
WBGene00019013,F57C9.7,tofu-4,172098,130.7343529372916,0.7098431854679947,0.3372440297935673,9.738308237735462e-4,0.02049000917646027
WBGene00019089,F59A7.1,clec-206,186582,400.75430132314665,4.434717847864649,0.7171678856283398,4.496825461151574e-12,1.2883883331886617e-9
WBGene00019105,F59D6.3,asp-8,178750,597.2621747328815,1.8629020077484422,0.41089970515426877,8.619293040872214e-8,1.0648385329209653e-5
WBGene00019143,H01M10.1,H01M10.1,186663,100.69486607700647,0.8422851189702123,0.5247271925158278,0.0018874960597573033,0.03165258024992758
WBGene00019189,H11L12.1,H11L12.1,186723,53.38104541440966,0.7158723825545504,0.5700231538380354,0.005991267415470972,0.06464615946853534
WBGene00019215,H20E11.3,H20E11.3,177448,927.9159926303942,0.894489261798711,0.4411353996122947,5.523121347073577e-4,0.013773028159202368
WBGene00019234,H23N18.3,ugt-8,186768,251.0700984719925,3.4602960401264453,0.6305013147343486,5.118524193075538e-10,9.989282142602203e-8
WBGene00019235,H23N18.4,H23N18.4,186769,43.925655030355124,3.5986759903115155,1.6908639735663742,4.694654895581946e-5,0.0021576185264131904
WBGene00019298,K02D7.1,pnp-1,176851,5209.166108495417,0.5965303119837844,0.33052857677995,0.0037449815790548653,0.04872456226430224
WBGene00019354,K03B4.2,K03B4.2,178858,550.7012999368633,0.6277405617854935,0.25191910093367204,6.012552471316769e-4,0.014588293978153444
WBGene00019404,K05B2.4,K05B2.4,187017,508.5565278029238,1.8467780570303076,0.4430109695166474,3.629702355549424e-7,3.7889590635526005e-5
WBGene00019421,K05F6.10,K05F6.10,187039,11.818183334931776,0.8535778443448463,1.7361554193274729,0.005171020824169055,0.05945311924466327
WBGene00019429,K06A5.1,uad-2,172354,564.9087951156815,0.5726477168485475,0.2961215477657305,0.0033622471457780425,0.04549590588288904
WBGene00019466,K07B1.6,tos-1,3565833,1819.8776128132192,0.6341040505861724,0.22144444419315848,1.977497922521687e-4,0.006640645143310982
WBGene00019473,K07C6.5,cyp-35A5,178802,1151.2652709587874,3.184824111485822,0.5080245775331963,7.088466889223857e-12,1.9090659026057693e-9
WBGene00019513,K08A2.4,lido-7,173643,130.40249382838348,0.8010156344688136,0.4106603776998928,9.407490868567216e-4,0.02001283918422214
WBGene00019535,K08D10.12,tsen-34,259566,62.30397589368367,0.6275885989469558,0.47256222476717563,0.007632640585199773,0.07437130110007246
WBGene00019549,K09C4.4,K09C4.4,187194,66.04136278495581,2.800254505621557,0.6516639015743879,2.6618337348745997e-7,2.938053530641095e-5
WBGene00019550,K09C4.5,K09C4.5,187195,237.96683154416692,0.7066722403255509,0.5020470686419929,0.004675269532137649,0.05616162312200319
WBGene00019565,K09D9.2,cyp-35A3,187209,1658.566924629468,1.678232128066098,0.4702543238699908,2.62212466974888e-6,2.1270801688456876e-4
WBGene00019606,K10B2.3,clec-88,174056,70.01804412472225,0.5994183687550102,0.42448526138761455,0.007626183310621266,0.074362190051286
WBGene00019619,K10C2.3,asp-14,180917,25093.519329848383,1.2710166702976176,0.41548252255393925,1.2116530880549513e-5,7.382859947397273e-4
WBGene00019644,K11D12.4,cpt-4,178889,2467.102228065992,1.7072492200827112,0.5533885013860396,1.2271249558032254e-5,7.443452547228033e-4
WBGene00019645,K11D12.5,swt-7,178890,2300.620262261857,2.078960655834015,0.31722946992814394,2.226248814254747e-12,6.661925896167651e-10
WBGene00019686,K12H6.6,K12H6.6,173629,462.9295696157316,1.7244187089020757,0.27305523909963836,6.229765685906552e-12,1.7120413209472985e-9
WBGene00019719,M01H9.3,M01H9.3,177215,1137.842410604102,1.4372242248282943,0.3768124338465709,8.724183253263278e-7,7.937827816786709e-5
WBGene00019738,M02F4.7,clec-265,180590,4797.041966604411,0.713415216616679,0.42074531451445485,0.0025066729472070334,0.038131771305677256
WBGene00019767,M04F3.1,rpa-2,172092,2016.6497648852844,0.6041697006908058,0.22470531739300056,4.1731038824798444e-4,0.011149804936800314
WBGene00019779,M60.2,endu-2,181079,20194.982412715206,1.006982863557377,0.43862767732703395,1.9081180159944393e-4,0.006488564950348767
WBGene00019780,M60.4,M60.4,187465,273.4755621409319,1.1685636854142687,0.3555043683679016,5.571516289392444e-6,3.9487388606820347e-4
WBGene00019808,R01B10.6,seip-1,259621,241.15921137869367,0.5235441510929245,0.21318952703126975,0.0014613005432059156,0.026630300469777917
WBGene00019818,R02C2.7,R02C2.7,259611,27.944729317621032,3.2941875891637853,1.3815416333044526,3.4117905507414275e-5,0.001695319983626718
WBGene00019894,R05F9.11,R05F9.11,187618,105.25894182908276,0.5861744000367347,0.40969712655970325,0.007938198738673588,0.076028296027723
WBGene00019946,R08C7.2,chat-1,177213,1138.0055479871398,0.5800341409653519,0.1630544223908596,3.0497272643936565e-5,0.0015497217865028292
WBGene00019947,R08C7.3,htz-1,177212,2188.3589799276738,0.5412230512910031,0.1874240692712727,3.8743397635827663e-4,0.01066909187247557
WBGene00019965,R08F11.1,R08F11.1,187703,678.1573652992486,0.8811594797732853,0.23094163455304687,1.1788309654626522e-6,1.0443511697973732e-4
WBGene00020025,R12C12.5,R12C12.5,174010,197.17984170440522,0.5018365134048645,0.3282739837447552,0.011418844665360708,0.0949760112808816
WBGene00020030,R12E2.1,kel-20,172012,516.5452586471648,1.2254544105570087,0.31124992202237317,4.428894068507861e-7,4.484171994475703e-5
WBGene00020031,R12E2.2,suco-1,172011,2437.340890746225,0.6834383787318549,0.22354726921157184,7.312860949557868e-5,0.003039351405763773
WBGene00020091,R119.7,rnp-8,171627,382.94634720405844,0.6447750249791611,0.3729209369447488,0.0032921783505434716,0.04478027643274585
WBGene00020111,R151.8,R151.8,176020,280.2207792142552,0.5234050719244129,0.25007189303663435,0.0034235051376857034,0.0460816210698947
WBGene00020135,T01B6.3,aakg-4,187928,113.16567400022898,0.7692161289468091,0.6394850160894697,0.005495785132597326,0.06144971093073893
WBGene00020142,T01C8.1,aak-2,181727,1763.444954791112,0.534928161743733,0.19013477639616372,5.065559475340629e-4,0.01295803263021219
WBGene00020208,T04C4.1,fnip-2,177012,451.21939470069134,0.6942810343488187,0.30217491290771187,6.471207152568578e-4,0.015287943073068152
WBGene00020326,T07H3.3,math-38,188249,46.673624573271574,1.7569742020276269,0.9178169702040216,2.490051536290066e-4,0.007761813423074544
WBGene00020394,T10B5.8,T10B5.8,188353,21.755837352587886,0.9235172107937715,1.023283053679652,0.005663675603566503,0.06253140011312279
WBGene00020587,T19H12.1,ugt-9,178883,335.9265363401143,1.180390264369592,0.4934160789333863,1.082672451133607e-4,0.004165504921990044
WBGene00020588,T19H12.2,T19H12.2,178881,876.5876383640234,1.045666164159272,0.30434489311736823,3.5311726602049385e-6,2.719055684884777e-4
WBGene00020725,T23C6.3,cnp-3,181752,464.81945698135564,1.51542572926357,0.5289337813357033,2.2669671692047366e-5,0.0012259831285345777
WBGene00020740,T23F4.2,T23F4.2,173501,298.47499290956483,0.5250600709877175,0.3774574579607053,0.012078791243471878,0.09798373667746525
WBGene00020758,T24C4.2,T24C4.2,188843,27.081004529102888,0.7117355187280643,1.0243342198959011,0.0116312863892621,0.09603120939166367
WBGene00020760,T24C4.4,T24C4.4,188845,776.0201446773373,0.8603204965159617,0.6375206708114333,0.003151620232083419,0.04384268393102822
WBGene00020823,T26A5.8,T26A5.8,175921,132.55369395222468,0.5829270852480766,0.3236084762272071,0.0041118541634130815,0.05169955944399678
WBGene00020859,T27C10.4,bath-25,188993,17.762342679836625,1.077254834611543,1.358162589018573,0.004197482995651292,0.052520101263038875
WBGene00020894,T28D9.1,T28D9.1,174074,2929.9986658397393,0.5303507368655386,0.2948374768792273,0.0058930074857532384,0.06401195974811473
WBGene00020909,W01A11.1,W01A11.1,179036,1664.0229359571592,0.8400324419605577,0.24562784690128833,7.167871640107869e-6,4.78080677227892e-4
WBGene00020917,W01B11.6,W01B11.6,171903,178.56608857773494,1.7750007544317428,0.5102704466480902,3.7751656831070125e-6,2.855976465658373e-4
WBGene00020954,W02G9.4,W02G9.4,178731,552.7731795331337,1.254412904521488,0.37148998401615435,3.963390699773361e-6,2.9650566201748935e-4
WBGene00021012,W03G1.6,pig-1,176877,355.57255933721353,0.5760560676253447,0.2464289938522963,0.0013106567549663554,0.02499901396937244
WBGene00021048,W05H9.1,W05H9.1,180901,5553.04525410414,0.8936070845537314,0.3978807384434366,3.001965637453927e-4,0.008845616908961615
WBGene00021121,W09G12.7,W09G12.7,176941,365.71198623795226,3.0983743944227182,0.7835154046403092,7.28945063412731e-7,6.769637395804024e-5
WBGene00021123,W09G12.9,W09G12.9,176940,95.87726572222896,0.5367531057852388,0.3946462348183858,0.011773299932491006,0.09650952825288292
WBGene00021164,Y5H2B.1,svh-11,189361,15.046068565750488,4.895519235864297,1.4698264655299786,2.3693558391232633e-6,1.9336815593717493e-4
WBGene00021167,Y5H2B.5,cyp-32B1,178697,316.4117780048336,0.568789231824714,0.4050028541221894,0.009131112520444868,0.08282204696590244
WBGene00021191,Y14H12B.1,Y14H12B.1,173736,399.87267050924163,0.9246951499666358,0.29859307479585045,1.6897122536722476e-5,9.72378855040619e-4
WBGene00021201,Y17G9B.4,Y17G9B.4,177245,69.36783590863128,1.6328859719516124,0.4461923291496309,1.8506389714846917e-6,1.5673398987429472e-4
WBGene00021224,Y19D10A.9,clec-209,178716,889.0390294601257,8.891689323385291,1.0495258528315958,4.458939521100244e-19,4.002938639409059e-16
WBGene00021305,Y32G9A.8,zig-11,189580,1175.9779808140186,0.5110907347048477,0.14887359681320195,8.322625288615908e-5,0.0033858752911329853
WBGene00021339,Y34F4.4,Y34F4.4,175263,111.9201870467661,0.8827258278721859,0.7235892479051907,0.0038555821217258783,0.04963601228600447
WBGene00021340,Y34F4.5,Y34F4.5,189593,330.38328324734454,0.6582235224269659,0.30577059066348167,0.0011682357731389325,0.023265404576438307
WBGene00021345,Y37B11A.3,Y37B11A.3,189611,103.35597717461806,0.7796560297757776,0.4633617204500618,0.001958438735021266,0.03251829347200538
WBGene00021346,Y37E3.1,Y37E3.1,171762,305.98850792478015,0.612574201654099,0.32592197465708156,0.0029013894886256836,0.041763940369572476
WBGene00021365,Y37E11AM.1,smgl-2,177135,642.5561433651242,0.6184523090964236,0.2133110660622457,2.00684730193661e-4,0.006722439245740894
WBGene00021376,Y37E11B.3,blos-7,177119,58.803555794822145,0.8911798848486059,0.6530203503427999,0.0028119509096832147,0.041032335049826785
WBGene00021396,Y38C1AA.5,cutl-24,176831,241.14902977096475,0.8725009478835418,0.40016012473352525,3.886105021723225e-4,0.010679651065821418
WBGene00021515,Y41D4B.12,set-23,176969,89.85126863266981,0.8699649112567107,0.5488872962114588,0.0018206276060239997,0.03111240018111571
WBGene00021517,Y41D4B.15,Y41D4B.15,189822,75.32139991761062,2.8494362442854966,0.9301286984774516,1.0366074683036196e-5,6.522876714101188e-4
WBGene00021518,Y41D4B.16,hpo-6,176965,6255.33121943631,2.5151165597873084,0.2974239753162224,1.5487230354087476e-18,1.1586169108230107e-15
WBGene00021519,Y41D4B.17,Y41D4B.17,176964,379.9744159375715,2.1620030268991832,0.30142544803141086,3.4617250932833484e-14,1.456737190817299e-11
WBGene00021531,Y42G9A.1,Y42G9A.1,175867,293.233242005251,0.5353650135413053,0.3910487504180128,0.011715735613347553,0.09631507678225772
WBGene00021544,Y43B11AR.3,Y43B11AR.3,177480,154.0121515929201,0.6783786848266439,0.29911911522553647,7.708288435355202e-4,0.01759343295354885
WBGene00021580,Y46C8AL.2,clec-174,189943,1673.293329784185,4.34267072586501,0.47079370426686273,2.0012496851724868e-22,2.4498934782302463e-19
WBGene00021583,Y46C8AL.5,clec-72,177152,2843.2469268228324,1.1612276205936085,0.40576819952285387,2.4901399888820954e-5,0.001304755840088961
WBGene00021585,Y46C8AL.8,clec-74,189948,776.4163774373736,12.032442558333095,1.2190933174329373,7.277680168838914e-26,1.3329726371977782e-22
WBGene00021587,Y46C8AR.1,clec-76,189950,38.845277602166846,3.1999389746827855,1.135304340227816,1.4710670029470994e-5,8.650387887198971e-4
WBGene00021704,Y48G9A.11,Y48G9A.11,190056,75.27881159568969,0.6628814456280515,0.5441627614666914,0.007853251182513168,0.07569927016730302
WBGene00021721,Y49F6B.9,Y49F6B.9,173694,157.53829458359402,0.590176212995056,0.47803656074002715,0.010609567085520199,0.09048032322584863
WBGene00021796,Y52E8A.3,Y52E8A.3,190187,846.2586278849601,2.6663077575659098,0.40602134748153373,2.074366659539571e-12,6.348504872127242e-10
WBGene00021811,Y53G8AR.3,ral-1,175433,749.4582197052118,0.5011496541181101,0.2122248877583968,0.002193752789345294,0.034789238284808156
WBGene00021845,Y54E10BR.6,rpb-7,171877,538.2126980574184,0.5080670531334174,0.2304451932191484,0.0030037100165852715,0.04263015807550161
WBGene00021862,Y54F10BM.7,fbxa-48,190273,21.089393573930412,0.7304235365522637,1.1620391000370673,0.01058434721863278,0.09037972076481231
WBGene00021865,Y54F10BM.11,fbxa-66,190275,84.25326190986925,1.462279894844922,0.800487414291633,3.872806850419921e-4,0.01066909187247557
WBGene00021872,Y54G2A.6,clec-85,177068,3473.2159033272033,1.9165676610002715,0.40268581082025695,3.478822095123355e-8,4.7801855441766424e-6
WBGene00021898,Y54G2A.36,Y54G2A.36,3565378,91.21106471200557,1.0649954963105763,1.01876672875201,0.003458416107374783,0.04635142818605778
WBGene00021906,Y55B1AR.2,Y55B1AR.2,175211,531.5559942679085,0.5062577786216779,0.2581727913218713,0.00512497516053908,0.0592385540873985
WBGene00021928,Y55F3AM.11,Y55F3AM.11,190309,143.4739586236483,2.4371883996726083,0.3238353348963436,2.7754973414642524e-15,1.3842536000058379e-12
WBGene00021945,Y55F3BR.8,lem-4,176911,255.21047494173823,0.7735050551344438,0.41393828689006346,0.0012911351120715499,0.02480231871491511
WBGene00022043,Y65B4BR.8,psf-3,171645,139.8612579121659,0.6687915029029118,0.45752209826696566,0.004959440942454046,0.05834084497232519
WBGene00022078,Y69A2AR.7,epg-9,177040,934.7728829425985,0.5248802920804049,0.32099567296838916,0.00820635859670038,0.07765764220883158
WBGene00022083,Y69A2AR.12,Y69A2AR.12,190538,96.93436640483361,1.1780882883214852,0.7618670209798446,0.0010564090673152293,0.021718480153384543
WBGene00022142,Y71G12B.2,Y71G12B.2,190596,75.22557607740144,1.4003062427572615,0.7840254098710439,4.5300208581152736e-4,0.01182194978205044
WBGene00022244,Y73B6BL.23,Y73B6BL.23,177404,170.0330279884534,0.6430589167837568,0.3940094754447268,0.004043234462910271,0.05112318805403728
WBGene00022296,Y76B12C.2,xpc-1,177002,697.5527610987477,0.7881783224340381,0.2516286601128197,2.773226873638122e-5,0.00142535393436683
WBGene00022309,Y77E11A.6,rpc-11,176950,154.66311940943268,0.5311894671894861,0.3879747882846415,0.012013203765520255,0.09762812426463231
WBGene00022357,Y92C3B.1,kbp-4,175273,91.9204431686878,0.7486821600679378,0.460046902253007,0.0025034431047223087,0.038131771305677256
WBGene00022488,Y119D3B.11,orc-3,175286,312.85047038107615,0.8187367101745024,0.30460322416642577,1.0510697105908284e-4,0.004078877441733745
WBGene00022570,ZC239.12,sdz-35,191123,24.166557812772204,1.1156223476039302,1.7009734390008229,0.003696352828690551,0.048184982760064825
WBGene00022597,ZC395.5,ZC395.5,191152,220.80275696015525,3.002219883956072,0.420572814456301,2.6135589736972114e-14,1.1731395046602217e-11
WBGene00022736,ZK418.7,ZK418.7,191318,235.21516590326058,0.6470794666904702,0.5105963452127107,0.007736080592945378,0.07512673213777052
WBGene00022737,ZK418.8,tofu-7,175988,204.60035505974813,0.5567327359577365,0.4221520078628727,0.011151570932381942,0.09379578649310133
WBGene00022772,ZK616.2,ZK616.2,191359,31.521371017791612,1.076630293179995,0.8318491430488427,0.0021819864812480704,0.0346902360761352
WBGene00022775,ZK616.5,ZK616.5,177323,151.56683542999735,0.7317196241698509,0.48700160430145056,0.0034976149895056424,0.046494455526834136
WBGene00022812,ZK742.2,uvs-1,179158,280.63930849409655,0.6333927125262582,0.2807065542201666,0.001062654878315888,0.021747280534045208
WBGene00022814,ZK742.4,ZK742.4,179159,43.59222445497175,0.7985957223167613,0.8843028649369508,0.007925953558615204,0.07596504670484863
WBGene00022891,ZK1290.10,ZK1290.10,191558,74.89955378921654,2.163217791716037,0.7508800881982907,2.1764507763263107e-5,0.001196248414449392
WBGene00023484,Y54G2A.37,Y54G2A.37,259760,13.467950369123466,2.9600433106043953,2.4914994081768325,2.920543729751481e-4,0.008674178929036259
WBGene00043068,F32E10.9,F32E10.9,259577,97.29655395981074,0.9254669604706749,0.5380397449245854,0.0011282594256369204,0.022744223691058038
WBGene00043995,F40F12.9,F40F12.9,259311,40.615924464741425,1.0663758322476062,0.7168328112691494,0.0014585906325424128,0.026630300469777917
WBGene00044058,F17B5.6,F17B5.6,3564876,8.300327880079198,1.1155619793672436,2.09275881333388,0.0026482342075542643,0.03936106163236835
WBGene00044204,T07C12.14,suds-3,3565884,131.8837639748328,0.5459662337391007,0.2311145887113836,0.0015503588349450141,0.027836176095159416
WBGene00044280,W02A2.9,W02A2.9,3565254,160.2321141399218,1.562781304982442,0.5869012706454365,4.093760052386484e-5,0.0019538325500974714
WBGene00044431,W03G9.8,mzt-1,3565198,104.9747475395218,0.5311151437364161,0.36079808045274553,0.010284330476229259,0.08883104272605165
WBGene00044469,T26C12.6,clec-173,3896782,1311.1141138592627,0.8800346135097746,0.3676380916185333,2.032534009659761e-4,0.006759051858646856
WBGene00044488,Y54G2A.45,Y54G2A.45,3896802,2941.921360049804,1.535057645958244,0.454301063775593,4.470320733615775e-6,3.289472076440985e-4
WBGene00044492,Y54G2A.49,Y54G2A.49,3896806,121.27672310361362,1.683789748634876,0.4012891657461155,2.696642877586056e-7,2.9522758528108806e-5
WBGene00044514,R09E12.9,R09E12.9,3896848,45.722776018637305,3.662903058672003,0.7957995443476461,3.692976281967782e-8,5.023193799290722e-6
WBGene00044696,F52E1.14,F52E1.14,4363098,2020.6450326883185,0.5827306025971986,0.3463249896257891,0.00517961277444364,0.0594617780227264
WBGene00044901,Y41G9A.10,Y41G9A.10,4926893,57.5341231989133,0.9308674338796835,1.1045285148647221,0.005830310682068271,0.06352019712356904
WBGene00045215,C02F12.10,ceh-63,6418830,26.703174894613532,1.0191814265958916,1.1400071911521434,0.004537493529641422,0.05519592400194344
WBGene00045357,F13A7.14,F13A7.14,6418722,147.6027424115156,0.5278586266740735,0.35583624412615816,0.01031453551421971,0.0889662378971151
WBGene00045397,Y54G2A.52,Y54G2A.52,6418684,326.88501137689656,0.6217873043408609,0.3858847120403784,0.004721187952851735,0.05661221457978759
WBGene00045401,T26F2.3,eol-1,6418775,43.816821323745856,0.7185657773859875,0.678970667259549,0.00825719325140372,0.07795768495527096
WBGene00045416,Y37H2A.14,Y37H2A.14,6418795,261.5566913895698,0.8807771911559246,0.7751419128059767,0.0045223795810805925,0.05511164112111426
WBGene00045457,F33H12.7,F33H12.7,6418627,298.93951370244247,2.2299071928478473,1.3945683812355365,3.0322541687186213e-4,0.00889593347188779
WBGene00138717,F52C12.6,F52C12.6,13192290,294.1442584305926,0.5221192411003984,0.2242961496102871,0.0020247727726077657,0.03306310211376214
WBGene00194892,F26H11.6,dsb-2,13187952,137.79505023301382,0.8985215971136866,0.5370346911393498,0.0013613674323427333,0.02542603861848439
WBGene00195239,ZK1127.13,ZK1127.13,13185652,95.50302289038308,0.549975431074118,0.34603959197229905,0.007524938149505844,0.0740722347377527
WBGene00219275,Y39G10AR.32,Y39G10AR.32,13179495,174.85282802902026,0.6931876187277355,0.3665677319936887,0.0017824052151104886,0.030614628350354386
WBGene00019468,NA,NA,NA,1146.3467488868466,1.004471047453369,0.39412644959831006,8.808593964755004e-5,0.003540791830728086
