WBgeneID,wormbase_gseq,wikigene_name,baseMean,log2FoldChange,lfcSE,pvalue,padj
WBGene00000001,Y110A7A.10,aap-1,467.2357127043732,0.5367777692585168,0.20955842057074436,0.006307270215898951,0.04660458529609216
WBGene00000013,C50F2.10,abf-2,25.832569392808093,1.3916900927205353,1.0371494064690903,1.9853988505982585e-5,4.6924013151448105e-4
WBGene00000074,C04A11.4,adm-2,1174.2174041024912,0.9244572172221998,0.21447537518591203,9.362287056779153e-7,3.5377053812344165e-5
WBGene00000208,Y53F4B.15,trip-4,1173.0844053012652,0.8718947571663589,0.1965823297916539,8.022829444147919e-7,3.13134079849186e-5
WBGene00000227,Y48G1BL.2,atm-1,1049.9424857380864,0.7948094984092562,0.2069764571903816,2.5150411323310164e-5,5.677070151851724e-4
WBGene00000250,C50B8.2,bir-2,182.44131843960818,0.9284803005316925,0.41440916292808155,0.014920139258830798,0.08721461781190598
WBGene00000264,C36A4.8,brc-1,298.49031831744793,0.6469766774754873,0.22724128598291216,0.0023610720565198284,0.022060998724464362
WBGene00000298,F32G8.6,cat-4,3331.0663415642125,1.675046023381164,1.6767730317905143,0.0031092787645020437,0.027251705919458788
WBGene00000386,K06A5.7,cdc-25.1,993.5056709626651,0.7430185264257636,0.23591353983450578,0.003691836303379155,0.031017460648063454
WBGene00000412,F35E8.11,cdr-1,1932.587728512075,4.833384578728461,0.5753147495529085,5.267873801686393e-33,6.767900866716593e-30
WBGene00000416,Y41D4B.13,ced-2,389.4803450743296,0.5361424180479971,0.1925496384553862,1.0003214239349715e-4,0.0017890899527616536
WBGene00000417,C48D1.2,ced-3,426.85332415891116,0.7141780053253458,0.20863128126879846,1.9868594638662324e-4,0.003122468129910877
WBGene00000465,C07G2.1,cpg-1,521.0536885335509,1.2642453319825924,0.42079113963319903,5.408945235943374e-4,0.006852071380652341
WBGene00000480,Y38C9A.2,cgp-1,4010.7530122112494,1.4150802118755006,0.37385375944103727,1.2854594379108068e-6,4.619563672324221e-5
WBGene00000498,Y39H10A.7,chk-1,668.879809705282,0.5549619626800796,0.19457936691896563,0.007331638261419185,0.05213647005364372
WBGene00000522,C09F12.1,clc-1,1541.2301886517446,0.82159303300715,0.4526792570865963,0.0023176246728831523,0.02178708511087778
WBGene00000556,R09B5.3,cnc-2,40.513425021972026,3.869760082786066,1.1306766293587196,2.6480790285575814e-7,1.1697832201510669e-5
WBGene00000558,R09B5.9,cnc-4,289.4414095888738,2.751905509622331,0.6188897391863498,1.2095896595047382e-14,2.390800484690327e-12
WBGene00000772,B0414.5,cpb-3,1043.42032169078,0.9970302001615465,0.40408962427223444,0.012152811860812096,0.0753660098383508
WBGene00000783,T10H4.12,cpr-3,2690.805934948329,1.4620367002639618,0.5054865326223477,1.564096153029721e-5,3.845880445176907e-4
WBGene00000795,CD4.2,crn-2,761.7414693407981,1.191285387835458,0.387617156744696,2.5282361467547174e-5,5.698511209724778e-4
WBGene00000804,Y48E1B.12,csc-1,435.222371521977,0.6971387163681195,0.2608381504579569,7.431997788995357e-4,0.00895849178365453
WBGene00000868,T06E6.2,cyb-3,1240.006559151738,0.6184819844559674,0.14376569644991527,1.4623816163906569e-6,5.1356577175158905e-5
WBGene00000870,Y38F1A.5,cyd-1,355.371107730549,0.7410826386499133,0.2480774271871726,3.6280274174531584e-4,0.005040218832325612
WBGene00000935,F56D1.7,daz-1,1420.0300400584158,0.9403535096147251,0.32831992288111544,0.01059536903077707,0.06820409367327353
WBGene00000973,Y32H12A.3,dhs-9,3019.227320849913,1.0448769745650606,0.36202306307865506,1.0751232466146767e-6,3.93709622162909e-5
WBGene00000985,C15H11.4,dhs-22,2334.237396827717,0.5659847916129007,0.23230489512866745,0.0016909308199304228,0.016972057585200085
WBGene00001087,Y39A1B.3,dpy-28,1337.0725932323746,0.6146559246205437,0.15715784859078613,9.703034435898128e-6,2.606126862338701e-4
WBGene00001110,F38B7.5,duo-1,352.64103464733483,0.7574203987501348,0.3400761575597597,0.01712582487133748,0.09653705376285554
WBGene00001119,C04C3.5,dyf-3,67.35913848956987,1.4620772585202892,0.4131575313481668,2.1778389812671922e-4,0.003364302963346323
WBGene00001345,F29G9.4,fos-1,1519.9135886999397,0.648198908713497,0.21034383961760666,0.004765255711822878,0.03781057504332131
WBGene00001372,R09B3.1,exo-3,568.1568393927464,0.5518580713284977,0.14206389717586163,1.9408448160379048e-5,4.617593291490182e-4
WBGene00001387,F15B9.1,far-3,438.756679973044,4.9175789906720775,0.8082103319316094,1.751531633280968e-27,1.3501681595146342e-24
WBGene00001401,H12I13.4,fbf-1,511.93918832326705,0.7463301525266899,0.3374715338946071,0.01372396956963699,0.08248211827293783
WBGene00001439,F26D12.1,fkh-7,821.1385859663397,0.7702569403367924,0.29903090718721936,7.086880801478895e-6,2.001070353780222e-4
WBGene00001481,Y54E10A.4,fog-1,838.7192759057833,1.0486267295931926,0.2529512732294653,2.9378830419407285e-7,1.2830975313767766e-5
WBGene00001499,C26E6.5,fsn-1,351.201016519284,0.5698202586864631,0.21542628857957075,0.004655760424460688,0.0371906002403681
WBGene00001514,C05D2.5,xnd-1,593.727114913876,0.7942731206575503,0.3194302418194364,0.007232021112427216,0.05152228483976207
WBGene00001527,F37B12.2,gcs-1,5779.132761950857,1.2682948137609416,0.30911934187836076,5.587776848660609e-8,2.920229005959343e-6
WBGene00001561,W07B3.2,gei-4,3603.536887268614,0.5103687727195734,0.12961981231136702,1.2441745534618772e-7,5.8658835139821904e-6
WBGene00001577,T12A7.1,gem-4,378.36942936378915,3.1003775093796175,0.5494816233339649,2.6901465268223115e-11,2.962427786001398e-9
WBGene00001591,F11A5.10,glc-1,687.1257939529409,0.5698826087518795,0.3222425167917073,4.431067857146805e-4,0.005843778712885568
WBGene00001599,C55B7.1,glh-2,782.3598824512653,1.0376079593382708,0.361597137271165,0.0013784554010127321,0.01437430888513126
WBGene00001607,C28D4.3,gln-6,219.750188901337,1.0019302388399027,0.33057706244526536,5.174282231588549e-4,0.006625573850863842
WBGene00001609,F02A9.6,glp-1,1072.9778534179022,0.7769881568413574,0.31919349822796955,0.005402241037116419,0.041497932271661105
WBGene00001749,R107.7,gst-1,8056.180839140922,0.6048763765290771,0.4488928822536152,0.010522815358424706,0.067850374061411
WBGene00001753,R03D7.6,gst-5,8421.928509123094,2.0277027547395123,0.30854013014935183,4.347110559952219e-23,2.0308910152358594e-20
WBGene00001755,F11G11.2,gst-7,11330.872642478778,1.8492995114043207,0.4379936049602548,2.7597801392013837e-10,2.5027959062392782e-8
WBGene00001756,F11G11.1,gst-8,73.43594403577686,1.7784237656828097,0.6126836972533898,4.9058874517442415e-6,1.4657764892159103e-4
WBGene00001760,F37B1.2,gst-12,292.9308798665129,3.310443281087667,1.0832430078260915,9.790243709828923e-9,6.086136583646471e-7
WBGene00001762,F37B1.3,gst-14,42.42221882243823,2.616000623102671,1.404751678952038,0.006893595124829642,0.049709333975443686
WBGene00001764,F37B1.5,gst-16,194.2774470628645,1.9160883253125829,0.3581493930579954,5.49014988179711e-19,1.8008859729290647e-16
WBGene00001768,Y48E1B.10,gst-20,1964.7205774893564,0.5534335720569176,0.31384483562379517,1.0746987388057364e-5,2.832244522421887e-4
WBGene00001772,F37B1.1,gst-24,398.81779079878305,1.5564436752282504,0.471220787695681,1.0741628952490623e-7,5.207663319514086e-6
WBGene00001779,Y53F4B.35,gst-31,13.223660434903723,1.9392734466226742,1.2530057990208703,4.641462559913446e-8,2.4422330473100884e-6
WBGene00001785,Y32G9A.1,gst-37,12.554487632093531,5.184735190175627,1.9144810100668164,6.733511563549406e-10,5.551366191189368e-8
WBGene00001786,F35E8.8,gst-38,10875.353587415635,4.055174069644598,0.7422127297150191,2.775293869104987e-20,1.0435781848778434e-17
WBGene00001787,Y53F4B.33,gst-39,559.9845719878889,0.7916110033365317,0.368888191640701,1.9089475926222164e-4,0.0030278029871869043
WBGene00001788,F56B3.10,gst-40,252.08231243809522,4.672248154388314,0.7491543167013793,9.26568264189533e-14,1.7005836820250033e-11
WBGene00001827,C46A5.9,hcf-1,1912.271899036824,0.500094399313256,0.14321558848045193,0.0032150381004082866,0.02786185632040166
WBGene00001864,D1086.4,him-5,155.64089472071032,1.1647269063444088,0.4560050165561209,0.0025871014498513845,0.023684883047719
WBGene00001942,T23D8.6,his-68,72.1667332631615,1.5820274132634715,0.39862385414204665,2.2727208633551554e-7,1.018562138091466e-5
WBGene00001980,W02B9.1,hmr-1,3675.07759059996,0.5396007612988205,0.18159394947810512,7.250324956899626e-6,2.039749267527765e-4
WBGene00002004,Y53C10A.12,hsf-1,801.6254026153035,0.5339003192221287,0.16323495534618607,0.01747766356239017,0.09784064602083124
WBGene00002016,Y46H3A.3,hsp-16.2,51.721724617775365,1.9549944829190704,1.4179801835464751,0.0033520733882551907,0.02887090247303367
WBGene00002021,F52E1.7,hsp-17,1145.695941024051,0.5460373309254187,0.27437676224825625,0.0010665541723060578,0.011829543650678053
WBGene00002093,T08G5.12,ins-10,15.696719843715687,0.7837254374615287,1.3710842079509313,0.014989522846258402,0.08740297795792958
WBGene00002094,C17C3.4,ins-11,30.60536272938866,0.6259470657595488,0.5386746150283231,1.9488224285754162e-4,0.0030752298240887604
WBGene00002260,T22G5.6,lbp-8,43.992659937814686,1.8477484099865038,1.2728403471951295,1.1714915751430774e-5,3.035442960332912e-4
WBGene00002297,T19E10.1,ect-2,787.2965768413544,0.5228348087578724,0.23329828569970668,0.01594039100439903,0.09118850022813353
WBGene00002980,C32D5.9,lgg-1,7045.242628093369,0.6755534148944136,0.1566558646760158,2.4892611045097966e-9,1.8362171506328961e-7
WBGene00002981,ZK593.6,lgg-2,1521.4751059842322,0.922387701813746,0.20705826147947431,9.932699898111655e-13,1.4311442460671718e-10
WBGene00003001,R107.8,lin-12,585.6900804258476,0.7720984102703872,0.21000268432064717,0.0016669039263528763,0.016785537447800324
WBGene00003091,Y22F5A.5,lys-2,20723.881275267522,1.334784967961807,0.7029110759048723,1.0096854106561263e-4,0.0018037450725475665
WBGene00003154,Y17G7B.5,mcm-2,1990.5300820784557,0.6892065416685007,0.2383549150239115,0.0019744726467912513,0.019109623055253582
WBGene00003156,Y39G10AR.14,mcm-4,2142.0803815752856,0.5730709987212386,0.16642079115499797,2.664550529841165e-4,0.003931040719479545
WBGene00003184,F57B10.12,mei-2,166.1709908867045,1.1849572223177574,0.47743514866442616,0.01069414100554187,0.06878246636730873
WBGene00003209,ZK858.4,mel-26,704.8601151124515,0.5034671774143445,0.1858570247184924,3.607509849366489e-4,0.005028077601895489
WBGene00003228,W03C9.7,mex-1,167.28857379119862,0.6413367309643536,0.40084885265735404,0.0068115156025808435,0.04920952954310631
WBGene00003229,F53G12.5,mex-3,639.0933435296467,0.6396118665260566,0.32492146809450007,0.008414720323190338,0.057966820027982764
WBGene00003402,C04G6.1,mpk-2,497.8543628110674,0.5327561910890338,0.16880001421525181,1.6351565404695538e-4,0.0026789806997257293
WBGene00003405,ZC302.1,mre-11,782.0275875888885,0.718675910048257,0.18728992092063415,2.278601394574068e-4,0.003471264594876325
WBGene00003413,Y43F8C.12,mrp-7,3481.5145174714953,0.8487175027858007,0.2847574551679111,3.8961055786446346e-5,8.150103080863546e-4
WBGene00003422,Y47G6A.11,msh-6,1786.9808131148848,0.6894343044016357,0.22125231894583455,0.0011547137461349751,0.012519143336260839
WBGene00003599,W04H10.3,nhl-3,412.6110428320727,0.9695243996318581,0.26083450736450864,3.794033026869059e-9,2.622986868844856e-7
WBGene00003640,C06C6.5,nhr-50,256.20917694898213,0.7293652906910353,0.2514824640013791,8.060590479790566e-5,0.0014882649512207324
WBGene00003651,W01D2.2,nhr-61,197.18304719977706,0.5004657650264778,0.2634779564849283,0.0010399026858253296,0.011567229226096036
WBGene00003653,C06C6.4,nhr-63,168.90402673694618,1.0318170414100902,0.3781091845394015,0.0011662111681068348,0.012608329297828241
WBGene00003702,Y70C5C.6,nhr-112,120.29425725339865,0.908238407766869,0.4784506196751218,2.420978263882892e-5,5.505047477032824e-4
WBGene00003734,F58E1.6,nhx-6,44.01535872066299,2.7373839757279073,1.737292708292674,0.0023841297343858885,0.022222568388771007
WBGene00003766,B0213.3,nlp-28,110.34437147388407,2.2410850396497537,1.2018210172161963,0.005599228691843692,0.04269204191006637
WBGene00003768,B0213.5,nlp-30,609.6177491443403,0.5516767189394373,0.45969686693846074,9.775138189968796e-5,0.0017539128057535455
WBGene00003769,B0213.6,nlp-31,1144.755580482028,1.1015672592794081,0.498673200983846,3.550452017646469e-7,1.5375651335970677e-5
WBGene00003834,C15H11.3,nxf-1,3335.7002453129953,0.6716436302784187,0.24000569115678264,0.003999365646862408,0.033091249309771024
WBGene00003835,C15H11.6,nxf-2,285.98407519426064,0.619612480149796,0.35893383327703887,0.013747460335377533,0.08256509388021638
WBGene00003917,F58B6.3,par-2,514.3137787148556,0.5049681153261966,0.17885676582017196,9.637031612072901e-4,0.010868625922701384
WBGene00003918,F54E7.3,par-3,2032.3462674046311,0.5315403662687576,0.14287739637387917,1.766050598915975e-4,0.0028361668836966235
WBGene00003957,F23B2.12,pcp-2,10236.823266884716,0.5995918309090874,0.49518503667323194,0.005980870481193377,0.044916355161415365
WBGene00004001,T21E8.2,pgp-7,173.8753048707849,2.6901649931604044,1.0179422988196465,1.6474189132545314e-5,3.999725572542537e-4
WBGene00004002,T21E8.3,pgp-8,84.11138531860027,3.022323713073574,0.8023399327449435,3.0730109209553346e-4,0.004419459829138842
WBGene00004013,F38A6.1,pha-4,1052.9672146066923,0.5257931565748778,0.183518868624403,1.277347675978999e-4,0.002187187928365036
WBGene00004027,Y49E10.14,pie-1,107.45783613483049,1.0150315820217017,0.5544152078101893,0.014626756250924,0.08610183318842891
WBGene00004028,Y18H1A.6,pif-1,339.426761427986,1.219138874064496,0.29572635370397155,2.2970286206584523e-5,5.277688561056834e-4
WBGene00004049,Y71F9AL.18,parp-1,1045.8657459385815,0.5296390469770219,0.18143164912950027,0.010187576354771733,0.06624287838950477
WBGene00004050,E02H1.4,parp-2,651.2302137614969,0.6911140530685662,0.17257619464708304,2.4227764062875528e-4,0.0036476507671616407
WBGene00004052,H23L24.5,parg-2,377.4198874362615,2.3581234714189763,1.0798276182952893,8.374973955336253e-5,0.0015407753397305374
WBGene00004053,ZK1005.1,tank-1,3310.115533114908,0.8404198857288279,0.289139384046439,4.8195208253750175e-4,0.006243911980235852
WBGene00004094,Y110A7A.18,ppw-2,4071.3178924703348,1.111121473985396,0.3645526195131146,0.0037904214861240082,0.031724716640376675
WBGene00004163,Y39A3CR.7,pqn-82,54.483992232328816,0.9718374840458149,0.4608540444664417,0.0017055578441082212,0.017074406027673017
WBGene00004208,ZK675.1,ptc-1,3370.6685903332423,1.0315048145388634,0.2685048183280546,2.29243485474434e-4,0.0034888912295748756
WBGene00004236,Y80D3A.7,ptr-22,210.04981622622677,2.2679019420076516,0.677815668094038,5.7002919835794455e-24,2.7462937972138846e-21
WBGene00004298,W06D4.6,rad-54.L,465.27872243463094,0.62747476254094,0.24626394157970977,0.011392256469572063,0.07204036833117002
WBGene00004322,E03A3.2,rcq-5,940.7285669116646,0.5353252500112382,0.1254485224936815,1.0743398284004533e-6,3.93709622162909e-5
WBGene00004333,W02A2.6,rec-8,953.6805765353076,1.0129495142680929,0.3481328695528817,0.008125486044185799,0.05645326641969953
WBGene00004380,C06A5.9,rnf-1,294.184703171608,1.1089140475161205,0.36118062353742003,0.0026099399719675107,0.023823235374673245
WBGene00004778,K02F2.6,ser-3,265.38949356313157,1.0862874936837417,0.4330511739044683,0.0016135217375893886,0.016333331995020097
WBGene00004798,F43D9.4,sip-1,1716.433912559072,1.9671086403190252,0.391602496510882,2.0324997869701137e-11,2.356018738023928e-9
WBGene00004826,R12H7.5,skr-20,132.194898951706,0.6118334315217855,0.2220635398570173,1.4638722148935736e-7,6.859731895749004e-6
WBGene00004829,M02A10.3,sli-1,674.3444155024439,0.62011724852868,0.19050763279570634,3.7085231848547515e-6,1.1573745332167147e-4
WBGene00004873,Y47D3A.26,smc-3,1859.0076100826088,0.5443893079271237,0.14865359236485529,0.0015307819665703996,0.015598192715542532
WBGene00004874,F35G12.8,smc-4,2969.2226482887377,0.5240507247335611,0.1384070631822816,1.3125891246072735e-4,0.002233574672634695
WBGene00004929,AC7.2,soc-2,2116.254241709644,0.6407722220742081,0.16006318563165192,1.2147228383167562e-7,5.744595705009028e-6
WBGene00004952,Y34D9A.4,spd-1,773.5436627020424,0.9726823411921174,0.28683787247695053,0.0012781222708918552,0.013561466655429958
WBGene00004984,ZC404.8,spn-4,569.5534734700176,0.790031290575798,0.31078456296357515,0.01393882363392823,0.08326030374439036
WBGene00005188,T07H8.5,srg-31,14.092051055711654,2.042622258196085,1.7650035335405072,0.00254280252277745,0.023331110290974934
WBGene00005551,F33H12.2,sri-39,15.301904756883395,4.659042192868971,1.43138398111916,2.629484147946027e-9,1.9122055240039576e-7
WBGene00005648,F20D6.4,srp-7,3745.0733190344126,1.1552315435439897,0.19021295607448593,8.90020418382534e-18,2.6923137089153213e-15
WBGene00005833,C25F9.7,srw-86,164.68216628429107,0.9416960126603937,0.5919871559583892,0.004820951274972523,0.03805663379736374
WBGene00006372,F48F7.2,syx-2,435.015939253574,1.2111949641039979,0.33294740785604005,3.8770885936942334e-5,8.121341691438044e-4
WBGene00006375,F26D2.2,syp-1,713.9661458486652,0.8013948634694558,0.3700266862943879,0.011363317870812871,0.07195711701479818
WBGene00006376,C24G6.1,syp-2,274.7104236631533,1.0040468776843854,0.4062388419753505,0.012821584899942215,0.07834900857736432
WBGene00006381,Y54E2A.3,tac-1,1097.7009354897782,0.5195808627101162,0.1477166559379001,3.283810415985864e-5,7.090546944433343e-4
WBGene00006391,T12D8.7,taf-9,317.53563481419934,0.6665783814492621,0.2533092313377746,2.0838595584236205e-4,0.0032442605184777764
WBGene00006392,K03B4.3,taf-10,334.32893752374616,0.5262912709843642,0.2746659414126543,0.0038442530216300052,0.03208816937437455
WBGene00006431,C02F12.4,tag-52,419.9511655132631,0.8041088444778255,0.60050435674759,0.004651908481080858,0.03717909437678776
WBGene00006434,F09E5.15,prdx-2,28854.48051394334,1.1124200432616789,0.2737189777317844,3.5705317059151394e-8,1.9314697301787266e-6
WBGene00006467,C01B7.4,magu-2,688.3750412936374,0.7581972557499388,0.21348585495265315,9.444299875741329e-4,0.01069036499150544
WBGene00006523,F26G5.9,tam-1,2080.7695324233114,0.6172316210508808,0.129662853475975,3.157447392238895e-5,6.856773912840131e-4
WBGene00006533,T28D6.2,tba-7,700.8517558222312,0.9697201117266452,0.326435083825242,1.1877946012704475e-4,0.002055244597955835
WBGene00006534,ZK899.4,tba-8,262.7686624847584,1.333084318963247,2.7157932003036285,1.6224340075945265e-5,3.9452784061647973e-4
WBGene00006575,F13B10.1,tir-1,1548.1518866249203,0.6823138149993544,0.2529487650299603,1.5711251285475096e-6,5.4431541813071806e-5
WBGene00006596,Y56A3A.27,top-3,407.66897036889486,0.8107818979406907,0.23244784166388438,0.001133932965033157,0.012392560382910084
WBGene00006627,C02F5.8,tsp-1,151.06360399222433,2.103599833923309,0.8459120018588612,5.535213682034049e-5,0.0010898644870487731
WBGene00006628,C02F5.11,tsp-2,102.5934778010934,1.5889604389196217,0.675807452137156,5.366650735652246e-4,0.006820911326591153
WBGene00006649,F08F1.8,tth-1,550.5945913873097,0.6429016711639234,0.41144484335385023,0.002772743826210755,0.024954694435896794
WBGene00006705,Y94H6A.6,ubc-8,309.6650914950172,1.1073968101637914,0.2636195684505414,3.5866038377464894e-11,3.866760235422212e-9
WBGene00006727,F25B5.4,ubq-1,24469.51787830848,0.5920243953209161,0.12525929660616653,1.6430129883740854e-8,9.631304654662842e-7
WBGene00006738,Y48A5A.2,ulp-3,243.90966908690532,0.6692623261552634,0.2509138374410234,0.008443839658361818,0.05811548036293042
WBGene00006940,Y53C12A.1,wee-1.3,741.0124004827604,0.698396688100844,0.21389908601882893,3.8148625253723375e-4,0.005213983648374585
WBGene00006976,K02B12.8,zhp-3,190.33307014027497,0.8049365250343641,0.29102821499151116,0.0045820923228845276,0.03677361652363913
WBGene00006987,EGAP1.3,zmp-1,90.64780988126977,0.615185490039717,0.43120942600231515,0.0017137051592408547,0.01714434707097571
WBGene00007097,B0024.4,B0024.4,1571.469203236905,3.093002259760906,0.5028917395020878,3.424605145710873e-15,7.321150661767468e-13
WBGene00007153,B0365.6,clec-41,11866.51988216568,1.1753944388876778,0.49686306208827097,5.905395444010587e-5,0.0011466433445883027
WBGene00007154,B0365.7,dhc-3,74.55669606395684,2.6756375157670504,0.6352183642931,9.400997321756564e-8,4.615769927054807e-6
WBGene00007180,B0457.6,B0457.6,552.2746966306702,0.7312911647463819,0.35097069603139663,0.007540733802621984,0.053299768907427846
WBGene00007216,C01A2.4,C01A2.4,519.5916794751628,0.8473334126171018,0.27229729758902177,3.2526116801781437e-4,0.0046295360236163815
WBGene00007270,C03C10.4,rei-1,742.2006597466549,0.6682085428204393,0.6001732060253103,3.4110403110110996e-5,7.263537082162724e-4
WBGene00007361,C06B3.2,oac-3,36.06176752169804,2.5741589734446286,1.3889853886017725,1.1296784613385926e-6,4.1270741323358016e-5
WBGene00007366,C06B3.7,C06B3.7,379.6809036100584,0.5427915812783042,0.9741725424322131,0.004482446286955981,0.036118239289759664
WBGene00007404,C07A9.8,best-5,271.01940279302045,0.5998459703743101,0.615816953490979,0.009170254460071,0.0613998436025986
WBGene00007414,C07E3.3,C07E3.3,532.6740955941862,1.3734159328216624,0.2960930320932661,2.090380732853994e-11,2.405029832717166e-9
WBGene00007440,C08E8.4,C08E8.4,549.5526003248661,2.446860098115616,0.41935972835766094,1.1807778911764103e-18,3.7925109892222327e-16
WBGene00007445,C08F8.3,C08F8.3,316.4990005582445,0.8065294384972781,0.3825304259939483,0.001859436766516318,0.0183058343738072
WBGene00007453,C08F11.5,fbxa-98,175.77910954521334,0.9128211135563946,0.5335393021597573,0.002608417321054525,0.023823235374673245
WBGene00007500,C09H10.6,nasp-1,1198.4440523378696,0.7005670272094819,0.1777980869902984,1.5281030760512564e-5,3.7848540198576533e-4
WBGene00007545,C13B4.1,C13B4.1,2111.2930914587528,1.9076156717188844,0.48286576156175876,4.384417843062383e-6,1.3358610649504498e-4
WBGene00007574,C14B1.3,C14B1.3,513.1176266231432,0.6760342369245613,0.3661849825339221,0.010361868961719213,0.06714961487298238
WBGene00007672,C18D4.2,fbxa-136,33.56299726934463,1.392282369476585,0.9960811870624756,0.0032878441210110005,0.02839702678634543
WBGene00007694,C23H4.6,C23H4.6,124.79808111034184,1.5963765920732789,0.45755883522209223,2.3963500260632337e-4,0.0036184650687381852
WBGene00007697,C24F3.2,C24F3.2,164.8824463123743,1.0060779079406514,0.3767931672192798,1.5712599765032792e-4,0.002596368173392396
WBGene00007709,C25A1.8,clec-87,156.47535793710236,1.231936472373555,0.3748058222850803,5.085925228266307e-7,2.0907007610656186e-5
WBGene00007807,C29F3.7,C29F3.7,4851.274785450746,0.8991922810769168,0.4315571917274925,6.845065871054149e-4,0.008374543667963285
WBGene00007818,C30F2.4,C30F2.4,76.33427627637911,4.281756221735093,0.9684076197130695,4.6326223990727855e-10,3.990007794776823e-8
WBGene00007864,C32H11.1,irg-6,2176.8987428833357,7.679661186981445,0.4355169515546323,3.444625822772324e-137,2.655289815484046e-133
WBGene00007865,C32H11.2,srz-15,4.537990905719512,6.421656399025775,2.799794154920947,2.5814323288729742e-11,2.8897582935073113e-9
WBGene00007867,C32H11.4,C32H11.4,34163.718732098074,5.382718184909918,0.7769125554117322,6.267694276143109e-31,6.441936177019887e-28
WBGene00007870,C32H11.7,,37.8987870876832,0.8379611994802121,0.6081410880662423,0.007958540197266823,0.05569533101282914
WBGene00007872,C32H11.9,C32H11.9,2114.5104354709865,3.604748920346985,2.175952665799909,3.821199839727623e-9,2.6299749075482485e-7
WBGene00007875,C32H11.12,dod-24,35571.393769049755,3.963268130690525,0.9665352138833156,2.1430434683316195e-15,4.788304514676606e-13
WBGene00007876,C32H11.13,dct-19,55.186824253360626,4.673108548371314,0.8791296289686248,6.137935815407862e-23,2.7831928372395e-20
WBGene00007878,C33A11.2,C33A11.2,123.25618720702117,0.8531764368177794,0.4569065379898481,2.360932847346713e-5,5.392370623339892e-4
WBGene00007890,C33A12.19,C33A12.19,86.34133484079116,0.9957352745987929,0.8738504877713378,0.010716833477607667,0.06887095528315024
WBGene00007923,C34C12.4,C34C12.4,737.3848827636617,0.7130667309513612,0.21059422098486774,9.228027951859425e-6,2.487211659682111e-4
WBGene00007989,C37A5.2,fipr-22,93.36499958700514,2.9737096877970894,1.3616162580219426,1.1315631601901284e-5,2.951828974729477e-4
WBGene00008082,C44B9.5,com-1,262.7945843833048,0.5898585711911764,0.18021928076353308,0.0010071193657475428,0.011262027561438027
WBGene00008100,C44H9.5,C44H9.5,557.7571544396432,0.9885583257597526,0.30467944715748285,2.8350288708656814e-4,0.004135065288754608
WBGene00008105,C45B11.2,C45B11.2,86.00816397147544,1.7463165583333842,0.7602712306871098,2.1753411598539966e-5,5.043193182175799e-4
WBGene00008118,C46F11.3,madf-8,215.18366622680878,0.5531773551274523,0.2153412353428834,0.004020918181269972,0.03318549015023509
WBGene00008132,C47B2.6,gale-1,3247.785483533365,0.9105816359979326,0.40175126042761106,6.620749021950149e-7,2.6307239090568416e-5
WBGene00008133,C47B2.7,efsc-1,229.2527217520272,0.5285835937698709,0.1583259314795121,3.28876811563309e-6,1.0389946319408883e-4
WBGene00008145,C47E8.8,set-5,381.771475179562,1.0144241585425013,0.4004747748688603,0.007014193448941001,0.05039041025271361
WBGene00008169,C48B4.6,C48B4.6,228.47371845096922,0.8297572008364165,0.31258563825912633,0.0022184136184283916,0.021085870995875777
WBGene00008171,C48B4.8,C48B4.8,101.38248798275178,0.563731936369018,0.39488455350971063,0.015860055760815263,0.09091116790821938
WBGene00008218,C50B6.2,nasp-2,1127.095830096183,0.9845297713581006,0.24994498822393682,4.842642337764703e-5,9.76482118743293e-4
WBGene00008234,C50F4.9,C50F4.9,33.004417365738746,1.9855534537753532,0.7153748637578132,2.2357409068157635e-4,0.0034228815849432596
WBGene00008301,C54D10.7,pals-39,120.36486554140876,1.5450996949874336,0.748216691168106,1.399080422652883e-4,0.002344524225656467
WBGene00008333,C55A6.4,C55A6.4,527.5636862301799,2.9367360852347484,0.8450890151690509,1.951669543651973e-6,6.584002046932707e-5
WBGene00008334,C55A6.5,sdz-8,405.05183033692157,3.3433707955484495,0.593062402181541,1.7408495892719434e-9,1.3172331568344365e-7
WBGene00008335,C55A6.6,C55A6.6,227.45045377396536,3.4531456940112313,0.610850626390418,7.1482191871612645e-9,4.611050008722394e-7
WBGene00008357,D1025.6,nspc-16,56.77586695936225,1.9226262456111087,0.7439215106404913,8.093744957419743e-6,2.2322230055195024e-4
WBGene00008366,D1046.5,tpra-1,471.75060020365356,0.6717561763368742,0.26571283884090285,6.59534847517469e-4,0.008114963083939998
WBGene00008403,D2013.3,csa-1,46.98377859560108,0.7999632077597125,0.45681387048775113,0.0029073769016986404,0.02583459924696711
WBGene00008419,D2030.9,wdr-23,3622.893824592029,1.3923727197894287,0.32513972760235,6.31534472758036e-10,5.2629010629787245e-8
WBGene00008477,E03H4.10,clec-17,1002.9503930541081,3.8018662750937913,0.36795900924265557,5.319886617926154e-46,1.1716670284081075e-42
WBGene00008492,F01D5.1,F01D5.1,2733.7223951686406,1.710095442835091,0.3936806098391107,4.367147103807784e-10,3.782489151651944e-8
WBGene00008493,F01D5.2,F01D5.2,507.53955637659914,1.8287095199961643,0.6973536954838476,2.504897902555257e-6,8.164301412542218e-5
WBGene00008495,F01D5.5,F01D5.5,3010.5711458076557,0.7488094725424631,0.3765009795654825,6.830381204320342e-4,0.008370746186566512
WBGene00008577,F08G2.5,F08G2.5,522.7885969018083,1.8916811989722129,0.601136759786228,8.373622714694746e-7,3.219355146943863e-5
WBGene00008584,F08G5.6,irg-4,22694.217207351452,4.535313723338421,0.39446258533050105,7.737972371999646e-51,2.3859264011823707e-47
WBGene00008632,F10A3.2,fbxa-88,52.96569532133074,2.004328422068292,0.7961494952487917,7.203454009165705e-5,0.0013491363097601302
WBGene00008633,F10A3.3,fbxa-18,24.43346439691938,2.658849012781054,0.8567872713794412,9.206705151275517e-7,3.4892484981595726e-5
WBGene00008678,F11A5.12,stdh-2,93.66682665663508,4.1574941153367435,0.730916052308504,1.3290162715867269e-17,3.785676684634565e-15
WBGene00008698,F11D11.3,F11D11.3,66.57285229633777,4.561842102314553,1.5945417080561815,4.469169901338572e-4,0.005878941328407573
WBGene00008829,F14H3.10,cyp-35D1,2730.7307428348126,4.8690600072259125,0.5555827677179648,6.47694320393867e-39,9.985503337512249e-36
WBGene00008831,F14H3.12,F14H3.12,128.30802059128175,1.0238661249514975,0.5906007386413624,0.0027780250208450825,0.024987638125069215
WBGene00008841,F15A4.6,phat-8,632.0461479589507,0.6680361764929966,0.4207546297364263,4.25042283624612e-5,8.702359743214666e-4
WBGene00008859,F15D4.2,F15D4.2,326.1517366038533,0.5948503375841351,0.12794859177161047,2.432366620513526e-13,4.0760648030931556e-11
WBGene00008915,F17C11.4,F17C11.4,561.4657808515726,0.5832213279113524,0.2906286013890592,7.767900264131884e-7,3.039535999292418e-5
WBGene00008922,F17C11.11,F17C11.11,1417.958967808989,1.3276978143203029,0.45879680813621965,2.1670820280120096e-4,0.003351043493065311
WBGene00008988,F20G2.5,F20G2.5,929.4478382789137,2.4694917766644826,0.5506779371289998,2.638789635774347e-13,4.295506735382742e-11
WBGene00009180,F26H11.2,nurf-1,5798.503560371808,0.58092557966571,0.11680568149638963,6.860798925937293e-13,1.0369895788350515e-10
WBGene00009186,F27C8.6,trcs-1,275.83395357767205,0.8764470970488122,0.3672020948163768,0.002585537609330988,0.02368463061381809
WBGene00009203,F28C6.2,aptf-3,143.83992344063765,0.9429728842536703,0.43324128088947483,0.013823930063963227,0.08273428951712775
WBGene00009222,F28F8.4,fbxa-95,67.26000053803944,1.111858658415338,0.4057090297846633,0.004500762155571137,0.036215161874968795
WBGene00009224,F28F8.7,F28F8.7,219.0265821620721,0.7244417903212509,0.2095501145021318,4.353150572133035e-6,1.3319209612786554e-4
WBGene00009374,F34D10.4,F34D10.4,2214.6903027444023,0.9677463060299445,0.23562179661805588,2.2593191912938734e-9,1.6827016411680023e-7
WBGene00009380,F34H10.3,F34H10.3,991.1197004460862,0.5503535161354409,0.26955126841479504,6.240883766628576e-5,0.0012016249441278717
WBGene00009393,F35C5.5,clec-62,3405.6692848891485,0.5498722989857036,0.5735302294837066,0.011853612819355524,0.07416686235227439
WBGene00009418,F35E8.2,F35E8.2,60.48619480413857,2.048889153550141,0.7528755536665103,4.1063266632005276e-5,8.486224955303288e-4
WBGene00009429,F35E12.5,irg-5,134357.35543683195,7.908992194628365,0.3760829319613408,3.187191342418425e-178,4.913692892606486e-174
WBGene00009431,F35E12.7,dct-17,7875.966815182922,2.8793176598066,0.580896483421068,8.906272241984911e-18,2.6923137089153213e-15
WBGene00009432,F35E12.8,cld-9,2030.418730807596,1.0364223535995585,0.6027632053552657,6.046034467464094e-4,0.007535304234833786
WBGene00009479,F36F2.6,fcp-1,1063.4333180450024,0.5484465715619399,0.18612824896033978,0.006767473443441734,0.0490522510942836
WBGene00009637,F42F12.6,nspc-13,74.73336695319924,0.5316095222781448,0.7521792522413338,3.801476411562363e-4,0.005200298299650128
WBGene00009710,F44G3.10,F44G3.10,98.14453372430268,2.8033200262757205,1.078208426722856,1.0866594737828387e-4,0.0019146318979782885
WBGene00009801,F47A4.5,ipla-2,999.5090864614135,0.5924968678357245,0.24937065449639223,0.006272853406526047,0.04648844886768625
WBGene00009803,F47B8.2,F47B8.2,304.8562338467126,0.7228289438779736,0.7048147962369076,1.7252418168892803e-4,0.002783684233540376
WBGene00009804,F47B8.3,F47B8.3,205.63640538892687,0.7447297261331818,0.44905942416071665,0.0024356195846246096,0.022634085073030503
WBGene00009805,F47B8.4,F47B8.4,66.73795441972958,2.5579527386712795,0.8690368058970056,5.412659090199637e-7,2.2075916717885665e-5
WBGene00009895,F49E11.10,scl-2,2500.690461616368,1.4995866742197992,0.699720623131649,1.5910735463739943e-5,3.8997743822651623e-4
WBGene00009908,F49H6.5,F49H6.5,34.93421479745295,0.6854736739500654,0.8535391999900658,8.690143863198167e-4,0.010035651531005704
WBGene00009914,F49H6.13,F49H6.13,72.70300413277725,1.784497156062902,0.8571309999034039,1.0520405462925968e-5,0.00027868228697926055
WBGene00009921,F52B5.2,F52B5.2,341.1418844426517,0.5229912647611814,0.1538541530044751,0.0017497117671901056,0.017441967922454532
WBGene00009955,F53B2.3,eak-4,14.177797194670779,3.1944713426074127,3.163242900643557,4.0654990772447504e-4,0.005474043604705879
WBGene00009957,F53B2.8,F53B2.8,6380.196923093614,1.1319406779761405,0.6431601556027641,0.0028186374831978803,0.025220507300326014
WBGene00009971,F53C11.1,F53C11.1,1486.3806368229032,0.7218962298312731,0.4256992325805588,0.007729797191298042,0.05434121445428267
WBGene00009996,F53F4.14,sde-2,853.498204277293,0.5712457423039423,0.14358718235346327,7.258229611902016e-5,0.0013563651627477987
WBGene00010006,F53H2.3,F53H2.3,992.4832198392535,0.7878571619528979,0.1740154595912183,3.4814365515858666e-9,2.450835950493119e-7
WBGene00010018,F54B8.3,fbxa-69,54.58427514222633,1.54045819330863,0.7894941171626881,7.63529848524612e-5,0.001418233695747463
WBGene00010019,F54B8.4,F54B8.4,472.8222937377835,2.811928430058213,0.5137758506761271,1.2174743305314186e-10,1.2031924201155693e-8
WBGene00010048,F54D5.2,F54D5.2,493.21310059673374,0.6503418774230493,0.22874753646862125,0.0017252691501437806,0.01723815585726939
WBGene00010054,F54D5.11,gtf-2E2,476.7126221021682,0.5041194479511362,0.1676848193176817,6.767918429079549e-5,0.0012802576493388884
WBGene00010056,F54D5.14,smc-6,1575.5338331087946,0.6768951346675488,0.23925006231452256,0.009174458323293756,0.0613998436025986
WBGene00010061,F54E12.2,F54E12.2,1070.1097855780208,0.7132266653638664,0.17977942656721654,4.165149426297167e-5,8.573312243688039e-4
WBGene00010123,F55G11.2,F55G11.2,14537.133472706406,4.4283499794150405,0.6268684566330004,1.3790451280655346e-27,1.1189862494413868e-24
WBGene00010124,F55G11.4,F55G11.4,17539.119549086172,3.244285985876453,0.42599099975099275,7.18127442578642e-27,5.032441264652238e-24
WBGene00010125,F55G11.5,dod-22,1535.2619434108133,1.2618376810943355,0.8018960101215961,0.0019128623984120735,0.018631521882177437
WBGene00010128,F55G11.8,F55G11.8,3417.6995024198513,0.8100778217310528,0.7635910569045034,0.0018732007637715597,0.018417816438179933
WBGene00010185,F57A10.4,F57A10.4,37.65342817405888,1.7962697423519336,0.5578418073991572,2.4978398658929215e-4,0.003735130670462771
WBGene00010193,F57C2.1,btb-20,203.19605636205168,0.8156300111590009,0.29133872327653787,0.009019358534167521,0.06073020336508257
WBGene00010243,F58D5.3,F58D5.3,28.461346138277673,0.7709194131180942,0.6308696392681191,0.004587824114826592,0.03680046013438167
WBGene00010269,F58G1.7,F58G1.7,275.1265284418765,1.0328111530395734,0.30692496547939724,4.085939493815983e-5,8.455426735055169e-4
WBGene00010353,H02I12.5,memi-3,80.3737924235164,0.9316713693684069,0.42895672468098994,0.016986254526615743,0.09592567254096518
WBGene00010399,H16D19.1,clec-13,4.484860835580077,7.144289200243546,2.8803485015234287,6.796346744933328e-9,4.4024906624637445e-7
WBGene00010409,H21P03.2,H21P03.2,454.6878501588261,0.8099246678053232,0.24946904479014395,0.0011959730706808502,0.012857961527675502
WBGene00010470,K01D12.11,cdr-4,1502.7292371413218,2.0237848469439927,0.35615574457143917,3.437222830618969e-12,4.5292020837309955e-10
WBGene00010480,K01G5.9,tasp-1,830.9494162373026,0.7913875074470867,0.20604949056094288,2.782654921730228e-9,2.0046818190801364e-7
WBGene00010542,K03H1.7,K03H1.7,95.60955508179295,0.6705234033766742,0.30919679544775874,0.004000913842732904,0.033091249309771024
WBGene00010609,K07A1.2,dut-1,762.5760823019488,0.5249803227635502,0.21963093396236516,0.009890143163945585,0.06496241494183404
WBGene00010620,K07A12.1,K07A12.1,2251.5114645255153,0.5442409992485757,0.1848698458131558,0.0044840312642278005,0.036118239289759664
WBGene00010652,K08C9.5,K08C9.5,13.61197631807183,3.2700172886690635,1.7920182021742164,2.023056208981119e-4,0.0031664423932854734
WBGene00010658,K08D8.4,K08D8.4,1398.8359911901414,0.7662204463910711,0.421134613956492,4.171617028568487e-4,0.005577954876794481
WBGene00010659,K08D8.5,K08D8.5,1189.28224963703,1.421697075623383,0.6429929551298039,2.2296805719422785e-5,5.145955894855405e-4
WBGene00010660,K08D8.6,K08D8.6,5577.65841299897,1.936425971747289,0.4537652554548189,1.6016941537170106e-10,1.533746507320196e-8
WBGene00010684,K08F9.1,K08F9.1,206.83797413749323,1.223344438665639,0.8560962108245518,9.004803878977384e-4,0.010312881999488347
WBGene00010745,K10D11.1,dod-17,6216.924995529953,2.000679886516413,0.5111179297509629,1.5248259168550724e-9,1.1813186512640528e-7
WBGene00010747,K10D11.3,K10D11.3,219.19688315154104,1.6149550025489194,0.39039409181784773,4.4525021161752e-9,2.98453152717709e-7
WBGene00010750,K10D11.6,K10D11.6,488.8730181219351,1.0479640684178795,0.44323815869223504,2.628016984124199e-5,5.871904035397504e-4
WBGene00010758,K10H10.1,vnut-1,1308.9064028783678,0.9440316602776878,0.2810618655310316,9.319276607349945e-5,0.0016883112509461116
WBGene00010759,K10H10.2,cysl-2,2999.108839101747,0.5803058757910559,0.5745885807540514,2.664690181949337e-9,1.9287102598644567e-7
WBGene00010791,K12G11.4,sodh-2,186.54388172981993,3.7925653707349287,0.8033881573993263,2.101136212716008e-12,2.866656370924133e-10
WBGene00010822,M01G12.9,M01G12.9,1137.2597508423391,0.6337852666632039,0.49041043328671485,0.017238484064736923,0.09695939760162317
WBGene00010907,M88.4,M88.4,146.79078929433695,1.141247363217531,0.5056885815498544,9.729701283640073e-4,0.010941123609765062
WBGene00010910,M106.2,M106.2,486.8707104424641,0.5357143880404389,0.22118266838988834,8.120635887569463e-4,0.009578870962406918
WBGene00010935,M163.1,M163.1,1041.4796414854875,0.7963848259770204,0.28457931923124236,4.743738714269482e-6,1.42840272964634e-4
WBGene00011035,R05D11.7,snrp-27,603.943244677727,0.5657158157525949,0.13231625503511776,2.513798399466208e-6,8.164301412542218e-5
WBGene00011045,R05H10.5,gpx-2,2975.6129233598363,0.6028767090475484,0.3103040775388951,0.0032254514088176757,0.027936395713338263
WBGene00011062,R06C7.2,R06C7.2,91.05543463097453,1.0306077967329965,0.45174315063071085,0.003131190203110248,0.027397025744239897
WBGene00011190,R10D12.9,swt-6,301.7921373017978,1.1178022768616174,0.8272941556688047,0.002729454974442589,0.02462259060326589
WBGene00011237,R11A8.2,gkow-1,875.0005633706692,0.6305046148074931,0.1769834045758241,8.666261723205339e-4,0.010015573987005751
WBGene00011279,R74.5,asd-1,457.9573622850261,0.7438362096763158,0.2751403482728663,5.27636588524614e-4,0.006722787839077664
WBGene00011288,R102.1,R102.1,30.398305002213878,2.2448795813239775,1.7387885477869471,3.0996879066902612e-6,9.853172877823456e-5
WBGene00011304,R166.5,mnk-1,6444.927385376815,0.6506497624911115,0.1159407993515846,5.417618615787519e-18,1.7045597183591059e-15
WBGene00011321,T01C3.4,fil-1,932.2411621233645,1.1989155242905374,0.8816371930311818,3.4484733446595955e-4,0.004850831528705929
WBGene00011362,T02B5.1,cest-1.1,532.5420998553852,1.227826954182076,0.7996623166812555,1.3266375648437833e-4,0.0022525078565194504
WBGene00011367,T02C12.2,snpc-3.4,296.89828857901915,0.8464193777484699,0.24143534810673423,2.442463929694657e-4,0.0036701234311990773
WBGene00011376,T02E1.3,gla-3,413.07128988596224,1.0749940102610929,0.4013201633365265,0.01556674292592201,0.08971440536547345
WBGene00011449,T04H1.2,T04H1.2,2070.575668352209,0.9429847163167445,0.28556935401796973,2.947018399820231e-4,0.0042701299501906485
WBGene00011489,T05F1.2,T05F1.2,214.8196836907038,1.1598132535865404,0.44130951028165544,0.002728838331708415,0.02462259060326589
WBGene00011562,T07C4.10,sas-7,1073.6950402209948,0.6938266603508106,0.1800032291209106,2.0055690547819143e-4,0.0031454586080948907
WBGene00011596,T07G12.5,T07G12.5,38.68230920116369,0.9360858687839491,0.8648302191267929,4.280385673119409e-4,0.0056839539984911225
WBGene00011597,T07G12.6,zim-1,343.8317740171327,0.9562812640202114,0.3810227372725332,0.008177405744759857,0.05673765273040626
WBGene00011607,T08D2.2,,48.95249393275679,0.6916338240967934,0.2934852037154866,0.0070716515739542045,0.0506851010300567
WBGene00011675,T10B9.5,cyp-13A3,26.96261524565425,1.857844299834064,0.6729917860238538,1.9435085053981306e-8,1.1180250234224991e-6
WBGene00011692,T10G3.1,T10G3.1,186.52031573519628,0.6295505324583425,0.6249918871568173,1.1922339354113588e-4,0.002060535829100602
WBGene00011737,T12G3.1,sqst-1,3303.5861961209866,1.0020726696816409,0.32710214312921415,1.346858265905817e-4,0.002276810733055919
WBGene00011739,T12G3.4,T12G3.4,456.1505893508644,0.5439857630901596,0.15452606489274903,2.649662326566845e-4,0.0039165718205830344
WBGene00011849,T19H5.4,T19H5.4,667.7432026034854,1.0608560098613558,0.23762532248890084,6.847881307494948e-8,3.50743475473919e-6
WBGene00011894,T21C9.8,ttr-23,206.21579497080404,2.7537619255999006,0.3796486025588648,8.211802889369472e-21,3.246188849882286e-18
WBGene00011940,T23B5.3,T23B5.3,1260.364225644675,0.7426063753093564,0.15210746388023796,5.098939392622901e-7,2.0907007610656186e-5
WBGene00011945,T23D8.7,alg-5,406.13480065650555,0.9745031789304857,0.41792948172104016,0.01514137622002519,0.08782339999402873
WBGene00011957,T23F11.6,T23F11.6,89.68265555185079,1.4077818892989586,0.9061456578263039,0.006805325306596991,0.04920818307763602
WBGene00011979,T24B8.5,sysm-1,678.4598403845572,1.0343926784109017,0.9358485883152693,7.276228252114163e-4,0.008791348821539502
WBGene00011985,T24D1.2,T24D1.2,613.641338107487,0.7346573346306626,0.22654526535486644,0.004340786284217697,0.03520352558852406
WBGene00011988,T24D1.5,har-2,216.15568559900956,0.9572728726443983,0.32843001276850087,8.936589054318754e-4,0.010266422760836976
WBGene00012026,T25E12.11,srz-100,6.916737314457342,7.574409353079598,3.062720993535633,5.8691296988601634e-8,3.026233196231677e-6
WBGene00012027,T25E12.12,fbxa-127,89.92871332167323,1.8493315868586129,0.7144839124641771,8.140988880698238e-7,3.1614515257865176e-5
WBGene00012028,T25E12.13,srz-99,53.39481396751951,1.9452387984804438,0.5847206650252661,5.460766508957482e-11,5.80611291507569e-9
WBGene00012104,T27F6.4,sygl-1,459.28545459294014,1.5049280868159614,0.39622405584756976,2.2236270098584867e-4,0.0034148193254093058
WBGene00012113,T28B8.1,T28B8.1,896.6757739298715,0.7828287456493603,0.35347564612056726,1.8875097018198982e-8,1.0898777929946581e-6
WBGene00012140,T28F4.5,T28F4.5,6169.040479175186,0.795125649927702,0.5445281557486082,0.0013701794447350366,0.014331110243880637
WBGene00012164,W01A8.2,W01A8.2,52.250054354741586,1.5596608036119841,0.40094383807345185,3.389783862427883e-5,7.238268394328349e-4
WBGene00012216,W02D9.10,W02D9.10,457.1797732447269,1.5643616677604892,0.340182874242077,6.563725975863961e-9,4.314758300474211e-7
WBGene00012221,W03C9.5,W03C9.5,176.9659454370347,0.5747253409745657,0.20561053405835003,0.001462440326039081,0.015051029710643864
WBGene00012236,W04A8.1,W04A8.1,311.19618957162584,0.8273313356180468,0.2365327644469941,2.3519391698318564e-4,0.003558375483935008
WBGene00012268,W04G5.8,W04G5.8,20.132943812662315,2.43334449684565,1.443837630929227,9.75559637037046e-4,0.010962247029300393
WBGene00012295,W06B3.1,nmat-1,99.17364403147448,1.369126120711848,0.4702220413973592,0.004268776223806938,0.03480260340689136
WBGene00012385,Y5F2A.4,Y5F2A.4,241.50457867327196,0.6710868083224406,0.21456405855774058,4.5116567779668825e-4,0.005924719978357362
WBGene00012398,Y6E2A.4,Y6E2A.4,103.41595885169278,1.223945221324413,0.988584229509897,0.0014075332228230442,0.014612754004217422
WBGene00012431,Y11D7A.7,Y11D7A.7,93.12531229158789,1.1983091950875808,0.40868614913552254,0.0012251436072082493,0.013094824782786662
WBGene00012435,Y11D7A.12,flh-1,310.83855082476043,0.7598891809957165,0.2787875119267752,0.014321578021225068,0.08488879982823025
WBGene00012444,Y15E3A.5,Y15E3A.5,527.4678808908578,1.5988994566305315,0.5234066942149531,0.00377712119962255,0.03163056900303143
WBGene00012468,Y17G7B.17,Y17G7B.17,914.1832453259103,0.6156435168805471,0.1614615115729924,0.0041860704095885454,0.034346273286123795
WBGene00012496,Y24F12A.1,Y24F12A.1,445.5481453425548,0.5548454246924813,0.21696376653441127,0.00480336538393707,0.03797614570469631
WBGene00012518,Y32B12A.3,comt-2,117.74727746553815,3.62192051108306,0.5971670883430098,4.442490197238527e-17,1.1608452774716334e-14
WBGene00012543,Y37A1C.1,nkcc-1,1829.7330806759494,0.6991229709984722,0.1741961415432129,6.430438286830208e-5,0.0012269562755948182
WBGene00012583,Y38E10A.5,clec-4,2799.0652585920257,1.5515141067784965,0.950142503698122,1.6953742860696268e-4,0.002754223958728708
WBGene00012622,Y38H6C.9,Y38H6C.9,44.702560110406935,0.9949029916396854,0.5106950594149797,0.0014838010966815927,0.01522006753662017
WBGene00012629,Y38H6C.17,slc-36.3,101.20456241478183,1.871815615218354,0.3347173785141662,7.195286953102263e-15,1.4990505264321296e-12
WBGene00012661,Y39A1B.1,clec-163,35.55961243337619,2.15454936556016,1.0113131295868254,1.0543613432765695e-4,0.001861980392817282
WBGene00012673,Y39B6A.11,dyf-17,53.850529241083386,1.0931612789559517,0.540889412641363,0.0042737087502863836,0.03480600517863981
WBGene00012674,Y39B6A.12,bed-1,244.10666245452234,0.7934076776974012,0.4067267902297179,0.004369788490677414,0.0353828934667929
WBGene00012701,Y39B6A.43,Y39B6A.43,340.87713918235613,0.6368187443997136,0.2569125621182876,3.2014538469837654e-4,0.004584790454078913
WBGene00012757,Y41C4A.11,Y41C4A.11,147.97134870019534,1.75338871679947,0.4496062560112819,1.317212105465189e-8,7.932601183576882e-7
WBGene00012813,Y43F8B.2,Y43F8B.2,2071.2878021210454,0.6307249002874424,0.21419006037314275,5.618970738491059e-7,2.2736921752051616e-5
WBGene00012850,Y44A6C.1,Y44A6C.1,907.360214856625,0.7499133726379421,0.32353740132884823,1.9422513777200506e-6,6.566598572436407e-5
WBGene00012879,Y45F10C.3,fbxa-215,149.49119662372019,0.6995437508880002,0.4262825475834537,0.013764993993342894,0.08261588213559541
WBGene00012886,Y45F10D.6,Y45F10D.6,122.34049958696957,0.5703879522308402,1.3971934778309272,0.009732552869209864,0.06417027464296232
WBGene00012914,Y46G5A.24,bcmo-1,23.81795593863421,1.7454512113904517,0.9695249579425453,0.011461328083601898,0.07226965033328853
WBGene00012921,Y46G5A.36,Y46G5A.36,81.1940910764339,1.74401681780492,1.1309798333905245,2.4074185242811432e-6,7.896844976349444e-5
WBGene00012923,Y47D3A.2,fbxa-128,272.18259851993184,0.9907897618177927,0.6968733188717495,0.002616918570243468,0.02386196782147822
WBGene00012927,Y47D3A.14,Y47D3A.14,224.1541892287507,0.5656260400963113,0.20412218840157068,0.00926547164358614,0.06178450533268492
WBGene00012961,Y47H10A.5,Y47H10A.5,816.014966986436,1.2065181042780426,0.5717291535516302,0.0020432069693835605,0.019650731033678325
WBGene00012968,Y48A6B.7,Y48A6B.7,973.7979558917154,1.1753436298151552,0.43055818289432346,7.652677896067606e-4,0.009167158906268399
WBGene00012969,Y48A6B.8,Y48A6B.8,68.43003812263619,1.9444580801424796,0.879388203781539,0.004993364193791791,0.03907751054603454
WBGene00012972,Y48A6B.11,rsa-2,1239.5524950310246,0.5472166474583205,0.19021121496742524,0.004799047814178552,0.03797614570469631
WBGene00013026,Y49A3A.3,Y49A3A.3,236.80789533027638,0.5312633193164646,0.20009806259801968,0.0021793361566311772,0.020826794090002973
WBGene00013080,Y51A2D.13,Y51A2D.13,6094.168296068934,0.804585419284146,0.7440956548928312,0.007140368618549644,0.05108262783859854
WBGene00013096,Y51H1A.6,mcd-1,1057.5072304465264,0.5987620362878915,0.08978323752201213,2.0316083214756293e-12,2.7965451332312304e-10
WBGene00013160,Y53F4B.13,cmtr-1,1817.3700744568719,0.5644262261805209,0.12140366941117808,3.698650450154401e-5,7.779276124151486e-4
WBGene00013215,Y54G11A.4,Y54G11A.4,209.7639511656552,0.813299540627598,0.34820567652823925,6.102751694721041e-5,0.0011790240962094524
WBGene00013231,Y56A3A.11,tsen-2,258.9870051909085,0.5088206601166347,0.16165684611400363,0.0028514071407828045,0.025439898084171585
WBGene00013246,Y57A10A.1,,257.4645274835667,0.8488525385767839,0.3491217730303779,0.006051968349183725,0.04529281361134247
WBGene00013359,Y60A3A.8,Y60A3A.8,376.99357674161644,0.5537712353811504,0.17447126297945048,2.9592658773010976e-5,6.499003138226641e-4
WBGene00013419,Y65A5A.2,Y65A5A.2,324.3369008522164,0.8230002603385858,0.3191619090140213,0.0050843134838102775,0.03956832962135439
WBGene00013431,Y66D12A.5,ceh-92,323.24479008038986,1.141345498190105,0.43234957957361475,0.008796578643523347,0.05963801800668401
WBGene00013443,Y66D12A.17,such-1,512.2392759661706,0.74097344591631,0.30012049606354885,0.007375825195985127,0.05240234886935609
WBGene00013538,Y73F8A.34,ari-1.4,527.313854310077,0.6281786348777397,0.20576896038503412,0.009608968069983357,0.06347106286843762
WBGene00013553,Y75B8A.18,Y75B8A.18,90.89763706367664,0.6753957488773145,0.43133273100778563,0.005976507174573281,0.044916355161415365
WBGene00013555,Y75B8A.21,fbxa-89,36.44221571842611,0.7362925265725794,0.6404235746191647,0.0017993940821299447,0.017835547355387914
WBGene00013569,Y75B12B.4,bath-36,48.0892869877928,0.6027711296969946,0.5769431732060198,0.01550508960291692,0.0895623703290259
WBGene00013637,Y105C5A.13,Y105C5A.13,41.25069312194116,1.2621395705531626,1.461622421391203,0.0059844195269751176,0.04491810898119542
WBGene00013639,Y105C5A.15,Y105C5A.15,708.5764756370379,0.6252627305661324,0.2906804333633016,0.001700768749414847,0.01703752554238382
WBGene00013654,Y105C5B.15,Y105C5B.15,1957.7525798188228,1.0962484039157625,0.6984777308247061,3.628879097023694e-4,0.005040218832325612
WBGene00013732,Y111B2A.8,aakg-1,1517.7543296928002,0.5563346110725795,0.22342072318889647,6.864684391195189e-4,0.008386120385028227
WBGene00013741,Y111B2A.21,Y111B2A.21,30.25888636109167,1.2140402943888593,0.6177276543158888,0.00228786539065138,0.021586303994903504
WBGene00013845,ZC47.14,fbxa-37,292.9345961860706,1.1338132503155676,0.42546649215723165,5.406070301767412e-4,0.006852071380652341
WBGene00013898,ZC443.3,ZC443.3,555.8818960786614,1.3261083063233121,0.6128346685781321,3.622845246248536e-9,2.538791143700622e-7
WBGene00013900,ZC443.5,ugt-18,285.1301351605873,2.4366172732982476,0.692199684236117,1.3974984296799763e-6,4.95292719318993e-5
WBGene00014006,ZK596.1,ZK596.1,503.27825910088603,0.6746545548399355,0.575761283838461,4.8171390389386973e-4,0.006243911980235852
WBGene00014058,ZK673.2,ZK673.2,1610.3678065940464,0.6000013442371864,0.14116351404835786,4.946899507037251e-7,2.0446742546915093e-5
WBGene00014066,ZK675.2,rev-1,457.50405517839494,0.7671439214759873,0.22222056848397,2.22604489980953e-4,0.0034148193254093058
WBGene00014135,ZK896.4,ZK896.4,518.6912158028334,1.2173638948508958,0.6377310195178703,9.169142347176529e-4,0.010463409886485607
WBGene00014136,ZK896.5,ZK896.5,576.2335604831311,0.9802212497025122,0.6155939566286175,4.595723859457124e-4,0.006019734472493669
WBGene00014138,ZK896.7,clec-186,4817.978281829367,1.0212194468915685,0.5402668540441563,1.4613750782280823e-4,0.002436466682414511
WBGene00014209,ZK1067.3,ZK1067.3,553.7524160296985,0.5905427012970134,0.17782541721686834,0.004782351865679167,0.03790720756461476
WBGene00014256,ZK1320.7,ZK1320.7,174.54898919061094,0.5442800654935928,0.1680910913367621,1.97055796171759e-5,4.6738603224307824e-4
WBGene00015010,B0041.6,ptps-1,487.6439994950806,0.8804320727885426,0.4210767428687307,0.001046604744944311,0.011633385257971479
WBGene00015091,B0261.1,B0261.1,1485.1061353378188,0.5962314790770199,0.1522416469519024,4.817830899904986e-5,9.734796721341439e-4
WBGene00015102,B0280.5,cpg-2,509.86895755826663,0.9056879848352702,0.44020699059904944,0.012587745332342552,0.07731684055327694
WBGene00015198,B0454.7,clec-2,267.20132739129656,7.189669261818215,0.6324097597744291,1.2731252029524547e-54,6.542590417972665e-51
WBGene00015249,B0546.2,otub-4,428.5764514183213,0.60652807995686,0.17968083931079695,4.4658639625048807e-5,9.095141969608685e-4
WBGene00015251,B0546.4,B0546.4,243.97795199498336,0.6753806062596938,0.18789143653682774,1.153656742778256e-12,1.6317363305882907e-10
WBGene00015312,C01G8.1,C01G8.1,62.57471142323258,0.8030317632679688,0.4555732859945864,0.0037209877632678402,0.031211353833678072
WBGene00015349,C02F5.6,henn-1,455.16260174972865,0.6276447165246729,0.21051091913709025,8.367736660818484e-4,0.009732566051218059
WBGene00015399,C03G6.14,cyp-35A1,85.12845549048093,2.4748982497243928,2.5920497007434884,2.515433074500586e-6,8.164301412542218e-5
WBGene00015423,C04E6.7,C04E6.7,234.56053475603335,1.122420110795245,0.38996047532782097,4.1651927883835644e-4,0.005574199411328942
WBGene00015470,C05D2.10,wdr-37,994.672092093764,0.666446090763206,0.12887973149649512,4.320321274353542e-9,2.9085761173235174e-7
WBGene00015505,C06A5.8,C06A5.8,94.18237804438712,1.2452315632303854,0.5391285204295821,5.068937949364808e-4,0.0065123180304464375
WBGene00015507,C06A6.2,C06A6.2,586.9722472669414,0.5110451510482892,0.23824878810469893,0.012034188684400909,0.07484649733322928
WBGene00015591,C08C3.4,cyk-7,750.8887868356529,1.2557369707049002,0.41054760887235375,0.010250955655814254,0.06654272982976352
WBGene00015598,C08E3.6,fbxa-163,18.392746126032442,4.048729633777431,0.9655276288444848,4.814630034301058e-7,2.0115759143311492e-5
WBGene00015677,C10F3.1,cpg-4,322.0006224006804,0.9778883914886971,0.36776800941672433,0.003913784190718711,0.032440220896941055
WBGene00015759,C14C6.5,C14C6.5,10281.916061740258,2.9709985374729353,0.3998735475451742,1.6202027434141995e-22,6.938518248671309e-20
WBGene00015776,C14F5.1,dct-1,317.9317403748323,1.102946890186323,0.3182965048939979,1.215679517246518e-10,1.2031924201155693e-8
WBGene00015788,C15B12.8,C15B12.8,27.37516878279398,1.4863812918724835,0.8026986755539669,0.0012034424636091388,0.012920245446700621
WBGene00015811,C16A3.6,C16A3.6,3017.141870861967,0.5317681400290896,0.1519543549916946,4.3019960330991465e-4,0.005707734323777068
WBGene00015816,C16A11.3,C16A11.3,242.60445052708462,1.6658652594938659,0.44538228289176374,1.5647714076726753e-4,0.002589728022497755
WBGene00015852,C16C8.14,C16C8.14,58.71536985094469,1.1195637571609773,0.5043104535370552,0.011984579308798994,0.07465303402171883
WBGene00015865,C16E9.1,C16E9.1,141.08678926106,1.0078366097249989,1.8353585713478071,0.0018242343859190527,0.018039911178777443
WBGene00015932,C17H12.6,C17H12.6,1372.672356663982,3.498028886063892,0.7377152606472368,1.5155615578728768e-13,2.596156948636238e-11
WBGene00015933,C17H12.8,C17H12.8,7264.261598334807,0.9338241657783074,0.5226870015667444,9.068769593950077e-4,0.010371900655039195
WBGene00016004,C18H9.6,C18H9.6,4806.726188257058,1.7486117963109467,0.47967683800492245,5.262941743885561e-10,4.409715916602375e-8
WBGene00016005,C18H9.8,ift-74,65.15465179818291,0.651711604278965,0.4249131333182647,0.005285248640501103,0.04081486781839961
WBGene00016045,C24B5.2,spas-1,702.1186313233642,0.6284175077785137,0.12776946757517646,1.7098233665971592e-7,7.916020072921442e-6
WBGene00016063,C24G7.1,delm-2,26.763632098749394,1.5852207858750054,1.5560854362155854,0.0013577974007459917,0.014240246617211533
WBGene00016115,C25H3.6,mdt-26,1371.16007183226,0.6206791064459205,0.21363974691021764,7.991655399691228e-4,0.009477488561310744
WBGene00016121,C25H3.12,ift-43,211.2451429992907,0.5702418023687797,0.22497549587995852,0.0016920406583178264,0.016972147579236128
WBGene00016151,C27A2.1,smc-5,1875.8178791730854,0.5250007698879987,0.14790267644658348,0.0014778028610654918,0.01517873864693317
WBGene00016156,C27A12.6,ari-1.3,424.64886337259054,1.1043002571157636,0.2835016083629784,5.3571073971347926e-5,0.0010617087115669828
WBGene00016157,C27A12.7,ari-1.2,517.0670043829691,0.5484142885481078,0.14827967955729005,0.002183396784141063,0.020826794090002973
WBGene00016163,C27D9.1,C27D9.1,105.56654881105649,1.1828883540263337,0.5055445439176418,0.013033154725177331,0.07923191892667938
WBGene00016178,C28C12.2,mesp-1,92.74056643739527,1.4981977112781344,0.44149257068838493,3.715733430747453e-4,0.005123923282811582
WBGene00016182,C28C12.12,C28C12.12,489.8727929006585,0.7647646873115356,0.22548254065862616,0.008538677505927579,0.058507018270615774
WBGene00016302,C32B5.9,fbxc-7,21.006745723654664,1.0514393368500194,1.2265226084061116,2.8818569082735943e-5,6.356164228162232e-4
WBGene00016315,C32D5.7,C32D5.7,150.22982170881517,0.8870762722056756,0.45139564289363676,0.0014530876155253874,0.01497476722496985
WBGene00016381,C33H5.15,sgo-1,243.07873840298902,0.5910686602924858,0.24121276292535287,0.006591845956817918,0.04809583015440693
WBGene00016383,C33H5.17,zgpa-1,397.3394201538969,0.6144592978247069,0.19231670580927698,9.595984961239234e-5,0.0017242575774758192
WBGene00016402,C34D4.10,C34D4.10,81.26587549349588,1.236687307847781,0.5044836040943433,0.010258551280063933,0.0665640088740512
WBGene00016407,C34D10.2,unk-1,2613.7258990654627,0.8704342445201809,0.14543488036616858,2.3505993580226256e-15,5.177027186090689e-13
WBGene00016424,C34H4.1,C34H4.1,1197.8907780831505,1.2962312739170074,0.4127197880474738,1.89697609407231e-5,4.539618367435245e-4
WBGene00016427,C34H4.5,C34H4.5,117.86474038690197,0.8650786604360756,0.2636091062961845,4.199035805521698e-5,8.620044609018378e-4
WBGene00016449,C35D10.13,tost-1,321.4355944645127,0.6501492689446753,0.2175242477977274,5.63162214607893e-4,0.007104968791006453
WBGene00016467,C36B7.4,C36B7.4,29.718548583293668,1.788730362621888,2.026217682547619,1.768329238412883e-4,0.0028368711621864122
WBGene00016494,C37A2.8,C37A2.8,652.851644458673,0.5480451611882825,0.18786687841337532,9.973025631035471e-4,0.011182118992994464
WBGene00016495,C37C3.1,C37C3.1,448.8870212536048,0.5999060559757822,0.2545782506811856,0.005020788895196501,0.03923238844259729
WBGene00016501,C37C3.9,C37C3.9,184.35929107314476,0.7844871851560914,0.4469406136715234,0.017817573990958294,0.09920315573080679
WBGene00016524,C39B5.6,C39B5.6,446.9424098266019,0.5689061959948859,0.22880994982976488,0.006368445151693661,0.0468427094006017
WBGene00016577,C41H7.7,clec-3,1289.6565250981498,3.2331342454622027,0.5972728718226081,1.1493640225227293e-17,3.343348138723192e-15
WBGene00016769,C49C8.5,C49C8.5,3173.7744918819935,0.5778804853848925,0.2367189735188284,6.855422669081477e-6,1.9536053842741062e-4
WBGene00016783,C49G7.5,irg-2,271.1685509486223,1.5283933609807827,1.1031749195524125,0.0023215712684999616,0.021797603073364136
WBGene00016785,C49G7.7,C49G7.7,258.10246160497456,3.261831937291726,0.6877008549330677,2.8184136835402117e-9,2.020999244611137e-7
WBGene00016796,C50A2.2,cec-2,180.57687832467855,0.9770029301316507,0.3163467272897,0.007149900155918506,0.051127092163170504
WBGene00016845,C50F7.5,C50F7.5,1658.7429174116962,2.9992048809732457,0.668139700382107,1.3497658537271268e-11,1.6385307218040247e-9
WBGene00016866,C52B9.3,coel-1,181.1266711195638,1.070551423735929,0.4000735590555094,4.637978921154679e-6,1.4075535635323165e-4
WBGene00016930,C54G6.1,madf-6,191.2045443675212,0.5451594993608382,0.34183150151786185,0.002202866508131468,0.02098985967605862
WBGene00016971,C56E6.3,toe-2,516.1977716847183,0.6029454456597995,0.21236052939230735,0.0023214187201622996,0.021797603073364136
WBGene00016984,C56G3.1,npr-8,180.95504356653376,1.4950640535086568,0.3826474770147728,7.108069022742528e-8,3.6095672271835926e-6
WBGene00016997,D1005.3,cebp-1,1122.986945880464,1.1912797116683445,0.35262736870034034,2.6131954710641334e-5,5.847261912539295e-4
WBGene00017031,D1044.6,D1044.6,826.3909453944711,0.7050330351619631,0.2428999693311111,0.006224836706797393,0.04622750843386099
WBGene00017041,D2007.1,D2007.1,338.0230086611782,0.6405914579524803,0.5553089761474409,0.010875966427927292,0.0696534522635638
WBGene00017084,E01A2.1,E01A2.1,1301.3328402785808,0.6418063759177913,0.2262864825256839,3.655948098079563e-5,7.731653200012706e-4
WBGene00017142,EEED8.14,EEED8.14,111.10991270564904,0.9660960788546155,0.47676292556816846,0.014567251169263879,0.08588271941741538
WBGene00017199,F07C4.2,clec-45,274.57484097635324,3.5463620207602418,1.5549131454225353,3.105217847580676e-8,1.6976292041188397e-6
WBGene00017226,F07G6.7,fbxa-53,135.85643735519557,1.3701604476339928,0.6268340013573589,2.6561000698515047e-4,0.003922327085910024
WBGene00017265,F08F3.9,snpc-1.3,249.02039388253746,0.656604783769913,0.322032771384375,9.366163601464654e-4,0.010625323343913215
WBGene00017335,F10D2.10,F10D2.10,85.67676932530318,0.5889865003862672,0.3600656646271783,0.0033792352110829866,0.029072360072135272
WBGene00017342,F10D7.5,F10D7.5,701.1795702562187,0.5122723001199828,0.18736260491726622,1.7654724705316832e-6,6.048508684041546e-5
WBGene00017358,F10E9.7,F10E9.7,132.8042119831407,0.6503385183154269,0.25580536785631186,0.01642900570007092,0.09329133733996073
WBGene00017361,F10E9.12,F10E9.12,81.55775483485557,1.09671501179812,0.6600763979217892,0.005849789439260935,0.04425230803978696
WBGene00017422,F13C5.1,F13C5.1,75.24050963401419,2.5151513655502953,0.5359793278571655,6.625067056914681e-9,4.327909271883629e-7
WBGene00017450,F14D2.1,bath-27,58.053159571137186,1.5811283602533848,0.5603546571598037,0.005646669534901553,0.04298997739238382
WBGene00017466,F14F9.3,F14F9.3,40.61996240780778,1.7823544334489647,1.0811419858405522,3.2789771072931764e-4,0.00465916959107271
WBGene00017482,F15E6.1,set-9,1058.6662261433391,0.6633313360343229,0.28828523492972613,0.017600185976270857,0.09828359131040666
WBGene00017504,F16B4.2,F16B4.2,178.57321836581158,0.7965876845876007,0.3056935207815268,0.01690486018047092,0.095545008728266545
WBGene00017510,F16B4.9,nhr-178,42.93537213077036,0.8020644913835919,0.5536942385386553,2.830847616535031e-4,0.004132876676526569
WBGene00017549,F18A1.8,pid-1,188.2346406972081,0.9371176823111226,0.29579854903880726,0.014346265548153717,0.08500245040579779
WBGene00017582,F18G5.6,F18G5.6,841.3213289060722,0.5506593603604021,0.36434194273148646,0.015396199959432273,0.08903346390643936
WBGene00017606,F19F10.10,ets-6,504.2643008509911,0.725744908711152,0.20659605279624488,4.1080333613587104e-4,0.005513784371034092
WBGene00017698,F22B7.9,F22B7.9,257.3316913080538,1.3440260270038138,0.42658230093339644,8.854055666012039e-5,0.0016192523867486074
WBGene00017726,F22H10.2,F22H10.2,182.90625370858837,1.6306772024705416,0.6455225906549688,1.3864536700357484e-4,0.002328426604677683
WBGene00017764,F25A2.1,F25A2.1,188.20136576736854,3.1735534523811246,0.43143474009329225,1.1746169464224141e-22,5.1740198465698166e-20
WBGene00017774,F25B5.2,nop-1,615.7402917984427,0.5825440313925239,0.2120110614430257,0.002254255739881347,0.021346607984045696
WBGene00017784,F25E5.3,F25E5.3,22.811723320122585,1.3490855489213254,0.7362732665266224,0.0037011579324657874,0.031078840874087712
WBGene00017834,F26F12.3,F26F12.3,2352.495183495782,0.7550816564302999,0.2979002045771149,8.872185580832378e-10,7.161386654434178e-8
WBGene00017934,F30B5.4,F30B5.4,686.5763714985757,0.7052163606750259,0.1892328550933307,4.5403602509034336e-8,2.4135160947871486e-6
WBGene00017952,F31E3.6,F31E3.6,102.4235007811252,1.637862635534139,0.8020103250158154,0.01436315030085239,0.0850697995344761
WBGene00017964,F31F7.1,F31F7.1,6296.9858014996735,2.6542710064760335,0.42551767629866505,5.346183739097829e-17,1.373701911761187e-14
WBGene00018153,F37C12.10,F37C12.10,142.12451944232043,0.5470535577850213,0.7411420558419418,0.011024051697895358,0.07031766860837929
WBGene00018226,F40B5.2,F40B5.2,670.3057626164324,0.5461547593508397,0.18252676351459246,6.253779123325753e-5,0.001202175969380463
WBGene00018370,F42H10.6,F42H10.6,350.7241666583843,0.6874183547236492,0.24116732420293474,2.209833056143317e-4,0.003401356088290609
WBGene00018466,F45E1.5,F45E1.5,215.73861698192698,0.6590496194007012,0.5652832297036948,0.006407723833052368,0.04708669129369321
WBGene00018562,F47D12.6,F47D12.6,298.54441884519616,0.7725190299211808,0.2401236772079452,8.370877981394012e-4,0.009732566051218059
WBGene00018564,F47D12.9,F47D12.9,1565.4457220461652,0.8385055006187736,0.16118065984121935,6.587215884419883e-13,1.0054961117831815e-10
WBGene00018609,F48E8.2,F48E8.2,731.0161269152007,0.5266864488212013,0.18495697152009885,0.004749956666956954,0.03774746491467802
WBGene00018643,F49F1.1,drd-50,463.71322883015955,2.4649144932256686,0.5161770992064879,1.425881505965284e-13,2.469979233423234e-11
WBGene00018646,F49F1.6,mul-1,895.4078173269189,3.40926869360584,0.4552705615599725,1.0789633758678423e-24,5.365928505082105e-22
WBGene00018647,F49F1.7,F49F1.7,552.4005055224053,1.8370171635420987,0.4896706303301723,6.237216107666057e-7,2.4927292822886473e-5
WBGene00018665,F52C6.8,bath-4,89.39120946271744,1.319331704275884,0.5085162656685515,0.008238300631928697,0.05705744871628245
WBGene00018680,F52C12.3,tsen-54,177.13862370203069,0.6503515476739207,0.16324108658778747,1.720599792521466e-6,5.907903563764686e-5
WBGene00018704,F52E4.8,ztf-13,752.9873779372668,0.7271650560203502,0.22087178078279895,1.1345314193136083e-4,0.0019786279289092643
WBGene00018707,F52F10.3,oac-31,296.54783046425973,2.015159189882235,0.3643848961818022,1.1785859314974545e-13,2.0787571822992536e-11
WBGene00018724,F53A9.1,F53A9.1,1342.978996369252,1.4492349316899025,0.41512368243245373,9.854315739763171e-8,4.807721068352178e-6
WBGene00018725,F53A9.2,kreg-1,382.41501937038726,0.8699560334951696,1.2757865381442859,0.010073646422334583,0.06577950313135632
WBGene00018729,F53A9.6,F53A9.6,1125.3300775508226,1.0455594277904727,0.4154333523418936,1.3382974369626804e-5,3.410335799281594e-4
WBGene00018730,F53A9.7,F53A9.7,325.82600060738076,1.9349435314843382,0.36189750637853535,2.2797302144065283e-12,3.083035150482934e-10
WBGene00018731,F53A9.8,F53A9.8,1644.780101100421,0.7529737756089658,0.45015553690493554,3.7704236578115733e-4,0.0051854256496414826
WBGene00018750,F53C3.6,F53C3.6,34.70419093284815,1.5397711650520924,0.8859169951079653,6.418291621459705e-4,0.007938803230922558
WBGene00018755,F53C3.12,bcmo-2,429.20781522661736,0.798446669566682,0.4243876756103468,4.0130104561445195e-4,0.0054175641157951015
WBGene00018760,F53E10.4,irg-3,4106.982473188555,3.48082953175804,0.6111260819363097,9.610241418958781e-20,3.3672975444565344e-17
WBGene00018794,F54C4.3,attf-3,755.7923236427024,0.6251142046595518,0.1539624352625991,4.6545366091078146e-4,0.006081270415475863
WBGene00018803,F54D10.2,fbxa-24,282.73288684263866,2.5659664902871615,0.7110079552379058,2.814137500900018e-12,3.772657204467441e-10
WBGene00018806,F54D10.5,F54D10.5,113.85697147316611,1.1636186637608354,0.32824721396397577,9.036471821026087e-5,0.0016467527903635836
WBGene00018819,F54D12.6,rog-1,411.5003735816728,0.9016968914032107,0.4759177328629541,0.011806483346529527,0.07390197066725364
WBGene00018833,F54F2.5,ztf-1,214.02786867815942,0.8780464153304842,0.31614003867827206,0.009175388171286918,0.0613998436025986
WBGene00018904,F55G1.9,pycr-4,2987.6778915908258,1.597196110529538,0.5144000619349542,8.184925522638993e-7,3.163661596700015e-5
WBGene00018910,F56A4.2,F56A4.2,1735.3623794449347,5.77522240467223,0.8160941604754287,6.080548876888305e-20,2.1800888845345813e-17
WBGene00018953,F56C9.10,F56C9.10,3257.7906292235466,0.52178649555471,0.1383773941155581,1.7516244652717932e-8,1.0229088780717892e-6
WBGene00018966,F56D2.5,F56D2.5,577.3091331026178,0.9229249213711481,0.47885094543264106,0.008886597814514046,0.060130453141416594
WBGene00018970,F56D6.1,clec-68,11.132900622367341,3.131014165821445,1.9458175175779207,4.21212556095645e-5,8.635417523040637e-4
WBGene00018971,F56D6.2,clec-67,7716.259951764641,2.4424398008981676,0.5000436680042358,1.822906922598328e-11,2.1618273865921866e-9
WBGene00018997,F57B9.3,F57B9.3,93.99965092307156,1.6358904981843827,0.5969383757091355,2.5282773293581367e-8,1.422571225792496e-6
WBGene00019087,F59A6.5,F59A6.5,725.98884337247,0.5995228992015719,0.2444020015786223,0.00453027375393749,0.03641461442359452
WBGene00019105,F59D6.3,asp-8,787.1068636996811,1.5324824040458696,0.3698206628067734,3.3039825845277326e-10,2.944364133275379e-8
WBGene00019143,H01M10.1,H01M10.1,145.41477447224057,0.7511496244914951,0.37313506320616585,0.003176950287009129,0.027624953510896638
WBGene00019146,H02F09.3,H02F09.3,959.970123256951,2.5373713977129104,0.7086323624405525,1.0299878242276885e-12,1.4703076190850252e-10
WBGene00019166,H06H21.10,tat-2,621.4869900236793,0.6207162057394653,0.35762647213288346,0.009178445637785382,0.0613998436025986
WBGene00019167,H06I04.1,H06I04.1,272.12466112730186,0.6238981111844046,0.21668267903151522,6.849775939094314e-4,0.008374543667963285
WBGene00019170,H06I04.6,H06I04.6,851.703251811373,0.6405723155556192,0.12871185701690224,6.829483112609346e-10,5.600539422717994e-8
WBGene00019215,H20E11.3,H20E11.3,1106.7365038255496,1.0493242223970356,0.593164906077949,5.763513054977414e-4,0.0072417343739679535
WBGene00019217,H20J04.2,athp-2,1067.0726157721524,0.5053552417748801,0.20502993587072338,0.005202660752826059,0.04032650619724452
WBGene00019234,H23N18.3,ugt-8,573.4500847536234,2.2756279079179107,0.6934223124146578,1.4044110363526251e-10,1.3617487388332341e-8
WBGene00019235,H23N18.4,H23N18.4,73.02055309294141,5.382411839641879,0.856776117570258,1.9231135648685015e-17,5.11183479820305e-15
WBGene00019273,H43E16.1,H43E16.1,2281.385420771484,0.9252631598015324,0.389129529892032,1.4304787362405501e-5,3.574342086972539e-4
WBGene00019298,K02D7.1,pnp-1,6612.271038010303,0.7234660896728243,0.45508576647612786,0.009824354973475398,0.06461692859473984
WBGene00019357,K03B4.7,cpg-8,711.539568406965,0.8551707826258214,0.4237876304914665,5.296650227809088e-7,2.1660068053616103e-5
WBGene00019381,K04C2.3,K04C2.3,487.5964621862763,0.5319122519585007,0.2566970077887898,3.2903091933103384e-4,0.004666669441882749
WBGene00019404,K05B2.4,K05B2.4,649.8196949955367,1.173586187920834,0.5208711607313596,2.5556816124429467e-6,8.277509121645569e-5
WBGene00019429,K06A5.1,uad-2,1011.4302748019186,0.5370868003690101,0.22776057056683224,0.007433312075886841,0.05273786114769785
WBGene00019436,K06A9.2,K06A9.2,96.99490980612241,1.0592143893434056,0.8014392703615076,3.580893432680884e-5,7.593759842041428e-4
WBGene00019457,K06H7.3,vms-1,2010.7905127179145,0.6295659735419169,0.2937251678596743,0.01670059128720733,0.09448551041279832
WBGene00019458,K06H7.7,K06H7.7,304.12258849191807,1.050508987940125,0.3643858528824503,0.004132392573847811,0.03397818469920624
WBGene00019465,K07B1.5,acl-14,1004.2225647053623,0.5947140198930221,0.16427462429975576,9.167569544007938e-5,0.0016647399253235616
WBGene00019466,K07B1.6,tos-1,3126.120678135891,0.6704113119875253,0.14740078997090694,2.605412225449285e-11,2.8897582935073113e-9
WBGene00019564,K09D9.1,K09D9.1,481.1437218591609,1.4388350621617523,0.8184215532036235,0.006558725067680826,0.04797036534961364
WBGene00019606,K10B2.3,clec-88,115.67584195219784,1.335515664852937,0.41759778850616247,0.0058973095355758605,0.04446808362533017
WBGene00019619,K10C2.3,asp-14,30812.465746346872,2.2246370361923233,0.536507947458232,1.9366710060303614e-10,1.8317580920227044e-8
WBGene00019644,K11D12.4,cpt-4,3065.083255940279,1.1257931468078393,0.6867471382819378,1.0935820630495645e-4,0.0019224349676208823
WBGene00019645,K11D12.5,swt-7,3073.198279823154,1.485119623519507,0.40172972044588146,1.0746996436547332e-8,6.627457762490009e-7
WBGene00019683,K12H6.2,K12H6.2,61.79692539213036,1.5194153428837645,0.49133719114008656,0.002448952852082954,0.022689607043607514
WBGene00019686,K12H6.6,K12H6.6,716.3274246919328,1.1542792397917623,0.23612825224540934,1.3496103784238736e-9,1.0670227284185057e-7
WBGene00019719,M01H9.3,M01H9.3,1734.2762802420011,0.9966634935874386,0.2775260979189364,1.5441628408286263e-7,7.192253328415388e-6
WBGene00019724,M02B7.2,M02B7.2,221.96037772681552,0.7292976425502553,0.2897557852913004,0.008888713933274204,0.060130453141416594
WBGene00019738,M02F4.7,clec-265,6000.063093691807,1.4989191557464032,0.4976136724530572,1.3924419166242825e-5,3.502002777911348e-4
WBGene00019770,M04F3.4,M04F3.4,649.2106315544942,0.5330293237374842,0.13459060782049462,2.565522282046419e-4,0.003819080830669244
WBGene00019779,M60.2,endu-2,23402.140835108545,0.8261692568547367,0.6692939914630518,0.0021784706542397956,0.020826794090002973
WBGene00019818,R02C2.7,R02C2.7,273.0788269884901,4.783841421196801,1.6023539210417033,2.157073328151826e-10,2.0033493674769097e-8
WBGene00019821,R02D3.3,gtf-2H1,801.1667542011902,0.5925195108775422,0.16736550433788014,7.899696977644e-4,0.009382868128223231
WBGene00019825,R02D3.8,R02D3.8,380.37398650084293,0.9376863473737391,0.3754305891459332,0.002704467456864144,0.024497517498516162
WBGene00019831,R02F2.1,R02F2.1,5734.871887052254,0.5696399389197032,0.13998029592182235,4.229855726824167e-7,1.7915298280342907e-5
WBGene00019842,R02F11.4,R02F11.4,375.3184404827656,0.7329715288601706,0.2333107321339094,0.002208554688632358,0.021010431048560155
WBGene00019883,R05D3.11,met-2,1304.1053897194374,0.5299727417297208,0.17032768694319494,0.0021297211842011355,0.020406408636935304
WBGene00019965,R08F11.1,R08F11.1,1029.5393751076804,0.5421730300678467,0.23949105946660154,4.0703763774174265e-7,1.741651772662436e-5
WBGene00020030,R12E2.1,kel-20,697.4159223167263,0.8111357425757951,0.33705931955655605,3.5791673419036357e-4,0.0050027219320152635
WBGene00020031,R12E2.2,suco-1,3273.9533035221575,0.6545621041309047,0.31357411453618933,0.005332810189380448,0.04110796734483919
WBGene00020091,R119.7,rnp-8,711.4773098308009,1.052044583174705,0.37271499812456377,0.009544363458185153,0.06311150077557713
WBGene00020183,T03D3.5,T03D3.5,224.69897272446372,1.0323856702662497,0.3067882337321535,0.0028121707334392006,0.025206532672925674
WBGene00020190,T03F1.8,guk-1,1126.6226766147925,0.5757733975485223,0.16877424987341483,0.0025369993726383927,0.023309248705581702
WBGene00020208,T04C4.1,fnip-2,766.2823676611066,0.8270133140075456,0.16850158528298345,7.921718542755132e-13,1.1631346168919607e-10
WBGene00020326,T07H3.3,math-38,57.24771648070061,0.8330859665656402,0.986549954362279,0.015809574866299112,0.09074319274524699
WBGene00020394,T10B5.8,T10B5.8,88.11835536321533,3.1124335895900512,0.9659229906632212,3.921928747520355e-9,2.687305577800947e-7
WBGene00020467,T12F5.2,T12F5.2,125.58777504743608,1.378806939675929,0.4275141424948255,0.010914222955481796,0.06979036719397048
WBGene00020579,T19D12.4,T19D12.4,9055.050535135739,1.0325908921153553,0.7575121478237137,0.014444551543574088,0.08548623844425401
WBGene00020587,T19H12.1,ugt-9,692.4358780073876,1.0148950929847598,0.48941278112038455,3.541562373851906e-8,1.9225446168195364e-6
WBGene00020588,T19H12.2,T19H12.2,1603.3827099073026,0.9780556138158321,0.32332513995963075,0.0026013930901305354,0.023787471690713206
WBGene00020652,T21E3.1,egg-4,135.6737501365962,0.6076511105866681,0.46506229065340243,0.01041945171242913,0.06735290861657017
WBGene00020684,T22D1.5,T22D1.5,264.2118014459974,1.0383021679545257,0.39277139081164675,0.00924277340151866,0.061686509753771934
WBGene00020690,T22E5.1,T22E5.1,35.32445482767388,1.4288898075802818,0.4379564828991244,8.987471003534631e-4,0.010309511939099212
WBGene00020706,T22H9.2,atg-9,1041.3592616507124,0.6378934737245238,0.17956863621688915,7.762824564771784e-6,2.1563867804520108e-4
WBGene00020725,T23C6.3,cnp-3,643.8160790098692,1.3356773530648425,0.37349128449684177,1.8376367785066378e-7,8.431799468522866e-6
WBGene00020740,T23F4.2,T23F4.2,489.7058552184807,0.9630950150103073,0.24707808216249627,1.5652184471159178e-8,9.245583447964025e-7
WBGene00020747,T24A6.7,T24A6.7,68.98056964288288,2.210390123920472,2.323301620098826,1.6701816593045054e-4,0.0027219017591435055
WBGene00020758,T24C4.2,T24C4.2,25.787052125537336,3.481107919265628,2.177818183047103,2.715405924362632e-4,0.003983198205128325
WBGene00020760,T24C4.4,T24C4.4,1025.6311109686922,1.9758626078260055,0.5681297733555598,2.3638829318294315e-7,1.0532943109830735e-5
WBGene00020894,T28D9.1,T28D9.1,5822.886616124312,0.5670732629174952,0.2983435219791287,0.011466217084199964,0.07227091937330778
WBGene00020941,W02D7.5,W02D7.5,62.98124981051977,0.5433565438724829,1.124469930194168,7.647271178291747e-4,0.009167158906268399
WBGene00020954,W02G9.4,W02G9.4,806.5991264129424,1.3363754194660382,0.24908834741954186,3.813195267458946e-14,7.348503929801821e-12
WBGene00021014,W03G9.2,pid-4,451.41239992270107,1.0163782772602452,0.40142060699644705,0.01649795821173556,0.09351066976114968
WBGene00021015,W03G9.3,enu-3.3,228.16934242522694,1.0038056027701243,0.34960800744448817,0.002446901345658073,0.022689607043607514
WBGene00021035,W05F2.3,W05F2.3,88.51258294154711,0.7195501915539738,0.45022659357498124,0.013904592245910632,0.08315248202296519
WBGene00021056,W06B4.1,W06B4.1,99.36078561205628,1.2457125627955867,0.5060482724459058,0.010780983742929885,0.06913911246453829
WBGene00021078,W08A12.1,unc-132,1584.4560697472368,1.128408288158555,0.2972456717394353,7.116149577214333e-4,0.008631335875021231
WBGene00021118,W09G10.6,clec-125,76.26990685617851,3.2689773485342144,0.7438522423172466,4.359467181292129e-13,6.858153625916404e-11
WBGene00021157,Y4C6B.3,Y4C6B.3,150.48883377946595,0.8977581737595245,1.0730837629731333,0.005727143656657851,0.04347384232136587
WBGene00021178,Y9C9A.8,Y9C9A.8,278.03960917886184,0.7972607757500244,0.3921323323559725,0.003249417677020308,0.028128170874015767
WBGene00021201,Y17G9B.4,Y17G9B.4,113.47227570709067,1.9809912637096267,0.535179791981471,0.008724312007660637,0.05935689241928687
WBGene00021224,Y19D10A.9,clec-209,1023.9834779273343,8.26851486515311,0.8018608257841675,2.9104250539957303e-50,7.478337176242029e-47
WBGene00021239,Y20F4.4,Y20F4.4,614.6309594637028,0.7724349226125763,0.3977921675974248,7.676140783280488e-6,2.147786977419878e-4
WBGene00021246,Y22D7AL.7,Y22D7AL.7,147.69342031704602,0.6556445316583247,0.25987693280975577,0.0033837179077447848,0.029094689896096683
WBGene00021270,Y23H5A.3,pid-3,905.7142832989053,0.70495085575525,0.25874159182858586,0.0072181593227317155,0.05149577153102955
WBGene00021329,Y34D9A.3,Y34D9A.3,483.24308070686743,0.5500481589383138,0.16787573715031096,7.868164872046898e-4,0.009352621266950426
WBGene00021339,Y34F4.4,Y34F4.4,138.1109610704097,1.526966508255687,0.6549090133507641,1.7200087810287655e-4,0.0027795990961342223
WBGene00021340,Y34F4.5,Y34F4.5,433.76499807223666,0.6768116846067167,0.3420181374530676,9.788144908460484e-4,0.010990810637562657
WBGene00021345,Y37B11A.3,Y37B11A.3,173.07949111479886,0.6243514780802354,0.2842221255829164,0.004669628906385768,0.03724806878895538
WBGene00021346,Y37E3.1,Y37E3.1,503.2424144220936,0.5645479175412561,0.18289120145974666,3.790385600361285e-4,0.005198965729605865
WBGene00021365,Y37E11AM.1,smgl-2,1057.009105969592,0.6244016290302281,0.12819212490522272,2.2387365146036065e-7,1.0062565844211022e-5
WBGene00021376,Y37E11B.3,blos-7,91.19691897105092,0.8242414399586147,0.37646596220378686,0.009597885282033392,0.06342503103005093
WBGene00021396,Y38C1AA.5,cutl-24,345.3885084402404,0.8488494337188524,0.3335642959845253,0.008387935294594855,0.05789330217849778
WBGene00021434,Y39A3A.3,Y39A3A.3,18.4539832949345,1.664695625638215,1.5781859740191386,0.014031163021459106,0.0836174875538597
WBGene00021470,Y39G10AR.12,tpxl-1,1388.9256861129725,0.5658762242232482,0.17543671625292814,7.44824361605739e-5,0.0013885075190901667
WBGene00021517,Y41D4B.15,Y41D4B.15,98.73047066223327,3.2034703290050865,0.5962817482882857,1.5560063412342672e-15,3.5804402631057757e-13
WBGene00021518,Y41D4B.16,hpo-6,8204.32462046215,2.610099271034147,0.3279214130014128,1.0088712014851448e-27,8.640981840720265e-25
WBGene00021529,Y41G9A.5,Y41G9A.5,228.13139801863576,0.6730847952440696,0.7858253102997923,0.0033613686067957785,0.028934796097694313
WBGene00021552,Y44E3B.1,zip-4,414.6312443915758,0.5635753930469082,0.18837027674125784,0.0036432360874202228,0.030709552082972977
WBGene00021580,Y46C8AL.2,clec-174,2255.3259437393053,4.272639953140038,0.5586442529355156,2.4225411880951405e-30,2.3342698435539237e-27
WBGene00021583,Y46C8AL.5,clec-72,3475.018728981301,1.0985120166971032,0.506767175785387,5.175002167724512e-5,0.00103078822247815
WBGene00021585,Y46C8AL.8,clec-74,982.3573722334747,15.80986623291169,3.5599438890265764,2.3461711616361234e-32,2.7823785229957013e-29
WBGene00021587,Y46C8AR.1,clec-76,53.8019800114399,2.9715704424350546,0.6313144334881802,9.157317949929908e-12,1.147791632797312e-9
WBGene00021601,Y46H3A.5,Y46H3A.5,18.551500746292117,2.166616084261177,1.8580974993190598,5.323006806921563e-4,0.006776614033221282
WBGene00021796,Y52E8A.3,Y52E8A.3,1073.0023705210015,3.516961441440907,0.4426139016795203,3.2550001980494445e-27,2.389635145396585e-24
WBGene00021865,Y54F10BM.11,fbxa-66,107.53097805457749,1.499986795787947,0.6478956600974235,1.6061945499322032e-6,5.5521751964808915e-5
WBGene00021872,Y54G2A.6,clec-85,4284.802664711797,1.6629987882969752,0.47054726624556464,8.403794599957765e-9,5.309889399489708e-7
WBGene00021898,Y54G2A.36,Y54G2A.36,147.00554818591516,0.659656860526809,0.9637214978727402,0.0013163559550361057,0.013913950005049028
WBGene00021906,Y55B1AR.2,Y55B1AR.2,936.3746151777312,0.5898581833754688,0.1582533877247732,3.486454122322992e-5,7.403672617610685e-4
WBGene00021928,Y55F3AM.11,Y55F3AM.11,202.70044583292014,2.5593075786380726,0.28498157661994616,3.6383054854752615e-25,1.8697251889857369e-22
WBGene00021945,Y55F3BR.8,lem-4,392.7587388063066,0.8560134030986499,0.22100510339066173,1.4501906873041472e-6,5.104472563052064e-5
WBGene00021986,Y59C2A.3,Y59C2A.3,1073.5389569994275,0.5118336569488013,0.11445957235746518,2.528119511795755e-10,2.3062732848139146e-8
WBGene00022035,Y65B4BL.3,Y65B4BL.3,112.3574351417064,1.079166182382256,0.4091212952067483,0.005066779165921217,0.039491675632460775
WBGene00022043,Y65B4BR.8,psf-3,220.1993336299238,0.7467963035268572,0.24749113856099056,0.0010316090018989256,0.011491557790661659
WBGene00022078,Y69A2AR.7,epg-9,1281.0061285558556,0.5230643980536575,0.3559562589815712,0.0068688481673938396,0.04955406279677624
WBGene00022083,Y69A2AR.12,Y69A2AR.12,106.31074732819671,1.777903078855022,0.7122477106039795,5.4756401999584746e-5,0.0010808955821096004
WBGene00022115,Y71F9AL.10,Y71F9AL.10,477.52991277010193,0.8446769492957714,0.1739279998319543,1.4798635790790593e-10,1.4259410499163661e-08
WBGene00022142,Y71G12B.2,Y71G12B.2,101.57848819773054,2.1389619566625364,0.4479324712155877,3.9637087735615075e-9,2.703915847876007e-7
WBGene00022205,Y73B3A.3,,151.31507279914055,0.6742469468414186,0.2780067729294764,0.0018812918357241236,0.018473806516789055
WBGene00022244,Y73B6BL.23,Y73B6BL.23,320.24062780940704,0.9904281172947468,0.38562682470071336,0.014061344966601217,0.08373262083819659
WBGene00022257,Y73B6BL.38,puf-11,165.01020914405262,1.2456071875854648,0.5010850979432143,0.016906452864416627,0.095545008728266545
WBGene00022296,Y76B12C.2,xpc-1,1294.1381766861605,0.7244109709305573,0.2491792303156665,0.001192639571139367,0.012831070668705948
WBGene00022327,Y82E9BL.11,fbxa-15,35.13849197164181,1.448939957196611,0.6219060787244612,1.046024714061418e-6,3.848821722359161e-5
WBGene00022328,Y82E9BL.12,Y82E9BL.12,12.022956781645652,3.6395530143402306,1.1561611624548163,1.3905833547663307e-6,4.939775018532838e-5
WBGene00022445,Y110A2AL.9,Y110A2AL.9,58.008723043512106,1.8397051963520363,1.0711021571674393,3.611991576235438e-4,0.005028077601895489
WBGene00022554,ZC204.2,duxl-1,298.9025160414419,0.5061142001079465,0.24197202883891317,0.0032075015886995147,0.027827828921204514
WBGene00022570,ZC239.12,sdz-35,29.660624696132242,6.317003314566655,1.8585531699606754,2.2106498024694756e-4,0.003401356088290609
WBGene00022592,ZC328.2,klu-2,260.2148251047972,0.6333875095832326,0.34414318906437,1.5793089024525759e-4,0.0026068742343802313
WBGene00022644,ZK6.10,dod-19,15060.211038527701,0.5028308402452786,0.367976401095905,0.012821855655490055,0.07834900857736432
WBGene00022718,ZK370.4,ZK370.4,3886.4710571790483,0.5592311907994938,0.17830693591391508,1.8461258648260223e-6,6.269101863000613e-5
WBGene00022736,ZK418.7,ZK418.7,323.96858945951686,0.9273607498047098,0.42581190571506855,4.139587976859395e-4,0.0055447461198298255
WBGene00022775,ZK616.5,ZK616.5,265.9229541224175,1.3431070687649747,0.40599680955224804,0.001671854073071972,0.016824395720986027
WBGene00022812,ZK742.2,uvs-1,478.10460754852096,0.5049597281311515,0.17095305966588129,8.169226962646925e-4,0.00961412000634562
WBGene00022814,ZK742.4,ZK742.4,113.53134871147797,2.2281942461011743,0.7662625316929262,5.141272224887968e-4,0.0065887775470571735
WBGene00022887,ZK1290.5,ZK1290.5,284.1376421037176,0.5565092602917423,0.41152362143253396,0.002635742275416715,0.024001912971116066
WBGene00022891,ZK1290.10,ZK1290.10,99.92623759347683,2.2525333262789804,0.4920817551954884,3.1925629668471436e-11,3.4907619333249937e-9
WBGene00023483,Y75B8A.39,Y75B8A.39,23.836612634374767,2.3486228204648416,1.2219029268846406,0.007670180472689682,0.05403299207431541
WBGene00023484,Y54G2A.37,Y54G2A.37,22.384733186019936,3.239131470683832,0.9650056264766549,1.2681819355877358e-10,1.2453223503793708e-8
WBGene00023501,F11E6.11,F11E6.11,71.49153055972492,1.8628164076624134,0.6466944243975603,1.3830901161177065e-6,4.924503538149349e-5
WBGene00043068,F32E10.9,F32E10.9,167.4539312493121,1.3201927541154201,0.40220088288829287,0.003686264636938284,0.031004441848160133
WBGene00043705,Y55F3AM.7,egrh-2,105.3068654685777,0.5039392276592447,0.40519160047433345,0.015758662317689246,0.09055210471554793
WBGene00044137,F28H6.8,F28H6.8,17.95164232976107,1.433938125949712,1.2847097609220803,0.0025133972104174557,0.023191128642347823
WBGene00044204,T07C12.14,suds-3,219.44858410334888,0.5566844363577249,0.17567466448822772,5.5947576681861035e-5,0.0010987818977124225
WBGene00044206,T26H5.9,T26H5.9,333.60123197190904,1.2090983420306094,0.3920880603742773,9.060474247849456e-9,5.701442101187553e-7
WBGene00044258,Y57G11C.51,Y57G11C.51,182.4560960570215,0.8105998956235406,0.39907177251719733,0.0036426676444764996,0.030709552082972977
WBGene00044349,Y71G12B.32,Y71G12B.32,23.477915138490282,1.3036379132626472,0.8562532891148649,2.1601854942118046e-4,0.003343732908058573
WBGene00044443,ZC21.10,ZC21.10,10.536874862368947,2.5415669176890043,1.2019638229582847,0.007936626581175301,0.055567198910980754
WBGene00044468,Y69A2AL.2,Y69A2AL.2,714.8419394255478,1.1003253325058244,0.3251697747290981,8.451277410424329e-7,3.2411279561321357e-5
WBGene00044469,T26C12.6,clec-173,1658.2237422037,0.8067705918186246,0.4304169180950371,2.449848422685081e-4,0.0036740576977174993
WBGene00044488,Y54G2A.45,Y54G2A.45,3699.7986131847583,1.5733647204805423,0.4768665083198116,9.078991714384313e-8,4.486244078867403e-6
WBGene00044492,Y54G2A.49,Y54G2A.49,157.05382737258526,1.2242332812833823,0.4418815112936811,1.7173738728145076e-7,7.927171556042295e-6
WBGene00044901,Y41G9A.10,Y41G9A.10,117.12034902739852,1.4005889394898738,0.9951312218105612,2.9827364164580815e-4,0.004309732645973219
WBGene00045357,F13A7.14,F13A7.14,244.07520958968652,0.5130962482003207,0.2548591175565808,0.013793123288056769,0.08264616468401524
WBGene00045411,C25F9.11,C25F9.11,702.7435405355367,1.5448097690868892,0.6707146246516718,0.00017853054346748218,0.0028581572052317475
WBGene00045412,C25F9.12,C25F9.12,139.86023033467612,0.8276057359774609,0.5330092736152012,0.002096082480132954,0.020134145542809817
WBGene00045416,Y37H2A.14,Y37H2A.14,515.8963473871027,1.3962808912279487,0.66060259087663,1.6449983856051744e-4,0.0026911917229139014
WBGene00045457,F33H12.7,F33H12.7,402.7228313613515,3.130183056232158,0.9061947541851684,3.3697803802728843e-6,1.0580835870196956e-4
WBGene00050899,T10C6.15,T10C6.15,304.44079289199175,1.4291516145624714,0.7167016038716689,5.7025330126300933e-5,0.0011156846631436314
WBGene00086566,C08H9.16,C08H9.16,273.7413294793652,0.6484499087475314,0.22517309976114466,5.929197418339255e-4,0.007407652884808452
WBGene00184990,C14B1.12,C14B1.12,110.48827177452222,1.4561522555634683,0.5506236871001159,0.008922264018497446,0.06019892532742894
WBGene00194695,B0462.5,B0462.5,57.64110347511887,0.8301581625671896,0.7807791467104224,0.0030329692077114613,0.0267195921573072
WBGene00194892,F26H11.6,dsb-2,250.73060065628488,1.1043872528851169,0.4039760970205465,0.005033338635927835,0.03929062367093642
WBGene00195070,C16C8.20,C16C8.20,38.704350642967995,0.923081892827991,0.5594324245368416,0.011457734342611912,0.07226965033328853
WBGene00195084,C43C3.4,C43C3.4,39.8112267197884,0.5988147769232709,0.5811006220662781,0.008669506754843386,0.059192996297351856
WBGene00195093,Y59E9AL.36,Y59E9AL.36,694.7891226339318,0.7254086748018379,0.16349087471654844,9.554854590478411e-7,3.584116623391865e-5
WBGene00019468,NA,NA,1849.1217050994223,1.228477760113279,0.24920840263039543,2.7304207305067275e-13,4.384885041898148e-11
WBGene00013733,NA,NA,189.148247882911,0.5654658019259968,0.1971349019484609,9.063765558058439e-6,2.4472167006757786e-4
